relative_compactness,surface_area,wall_area,roof_area,overall_height,glazing_area,cooling_load,surface_wall_ratio,height_surface_interaction,log_cooling_load,high_glazing,orientation_3,orientation_4,orientation_5,glazing_area_dist_1,glazing_area_dist_2,glazing_area_dist_3,glazing_area_dist_4,glazing_area_dist_5
0.98,514.5,294.0,110.25,7.0,0.0,21.33,1.75,3601.5,3.1059310658520665,0,False,False,False,False,False,False,False,False
0.98,514.5,294.0,110.25,7.0,0.0,21.33,1.75,3601.5,3.1059310658520665,0,True,False,False,False,False,False,False,False
0.98,514.5,294.0,110.25,7.0,0.0,21.33,1.75,3601.5,3.1059310658520665,0,False,True,False,False,False,False,False,False
0.98,514.5,294.0,110.25,7.0,0.0,21.33,1.75,3601.5,3.1059310658520665,0,False,False,True,False,False,False,False,False
0.9,563.5,318.5,122.5,7.0,0.0,28.28,1.7692307692307692,3944.5,3.3769046890931107,0,False,False,False,False,False,False,False,False
0.9,563.5,318.5,122.5,7.0,0.0,25.38,1.7692307692307692,3944.5,3.2726061472891685,0,True,False,False,False,False,False,False,False
0.9,563.5,318.5,122.5,7.0,0.0,25.16,1.7692307692307692,3944.5,3.264231526588998,0,False,True,False,False,False,False,False,False
0.9,563.5,318.5,122.5,7.0,0.0,29.6,1.7692307692307692,3944.5,3.4210000089583352,0,False,False,True,False,False,False,False,False
0.86,588.0,294.0,147.0,7.0,0.0,27.3,2.0,4116.0,3.342861804649192,0,False,False,False,False,False,False,False,False
0.86,588.0,294.0,147.0,7.0,0.0,21.97,2.0,4116.0,3.134189016701007,0,True,False,False,False,False,False,False,False
0.86,588.0,294.0,147.0,7.0,0.0,23.49,2.0,4116.0,3.1982648709640764,0,False,True,False,False,False,False,False,False
0.86,588.0,294.0,147.0,7.0,0.0,27.87,2.0,4116.0,3.3628029936748436,0,False,False,True,False,False,False,False,False
0.82,612.5,318.5,147.0,7.0,0.0,23.77,1.9230769230769231,4287.5,3.209633243501268,0,False,False,False,False,False,False,False,False
0.82,612.5,318.5,147.0,7.0,0.0,21.46,1.9230769230769231,4287.5,3.1117359493102974,0,True,False,False,False,False,False,False,False
0.82,612.5,318.5,147.0,7.0,0.0,21.16,1.9230769230769231,4287.5,3.098288861879083,0,False,True,False,False,False,False,False,False
0.82,612.5,318.5,147.0,7.0,0.0,24.93,1.9230769230769231,4287.5,3.255400599550573,0,False,False,True,False,False,False,False,False
0.79,637.0,343.0,147.0,7.0,0.0,37.73,1.8571428571428572,4459.0,3.6566144935266607,0,False,False,False,False,False,False,False,False
0.79,637.0,343.0,147.0,7.0,0.0,31.27,1.8571428571428572,4459.0,3.4741380060638702,0,True,False,False,False,False,False,False,False
0.79,637.0,343.0,147.0,7.0,0.0,30.93,1.8571428571428572,4459.0,3.4635460067266908,0,False,True,False,False,False,False,False,False
0.79,637.0,343.0,147.0,7.0,0.0,39.44,1.8571428571428572,4459.0,3.6998193941522706,0,False,False,True,False,False,False,False,False
0.76,661.5,416.5,122.5,7.0,0.0,29.79,1.588235294117647,4630.5,3.427189961936409,0,False,False,False,False,False,False,False,False
0.76,661.5,416.5,122.5,7.0,0.0,29.68,1.588235294117647,4630.5,3.4236109764990554,0,True,False,False,False,False,False,False,False
0.76,661.5,416.5,122.5,7.0,0.0,29.79,1.588235294117647,4630.5,3.427189961936409,0,False,True,False,False,False,False,False,False
0.76,661.5,416.5,122.5,7.0,0.0,29.4,1.588235294117647,4630.5,3.414442608412176,0,False,False,True,False,False,False,False,False
0.74,686.0,245.0,220.5,3.5,0.0,10.9,2.8,2401.0,2.4765384001174837,0,False,False,False,False,False,False,False,False
0.74,686.0,245.0,220.5,3.5,0.0,11.19,2.8,2401.0,2.5006159434931803,0,True,False,False,False,False,False,False,False
0.74,686.0,245.0,220.5,3.5,0.0,10.94,2.8,2401.0,2.479894107964456,0,False,True,False,False,False,False,False,False
0.74,686.0,245.0,220.5,3.5,0.0,11.17,2.8,2401.0,2.498973906999436,0,False,False,True,False,False,False,False,False
0.71,710.5,269.5,220.5,3.5,0.0,11.27,2.6363636363636362,2486.75,2.50715725872282,0,False,False,False,False,False,False,False,False
0.71,710.5,269.5,220.5,3.5,0.0,11.72,2.6363636363636362,2486.75,2.543175557911976,0,True,False,False,False,False,False,False,False
0.71,710.5,269.5,220.5,3.5,0.0,11.29,2.6363636363636362,2486.75,2.5087859235779435,0,False,True,False,False,False,False,False,False
0.71,710.5,269.5,220.5,3.5,0.0,11.67,2.6363636363636362,2486.75,2.5392369943330477,0,False,False,True,False,False,False,False,False
0.69,735.0,294.0,220.5,3.5,0.0,11.74,2.5,2572.5,2.5447466501440172,0,False,False,False,False,False,False,False,False
0.69,735.0,294.0,220.5,3.5,0.0,12.05,2.5,2572.5,2.5687881337687024,0,True,False,False,False,False,False,False,False
0.69,735.0,294.0,220.5,3.5,0.0,11.73,2.5,2572.5,2.543961412569315,0,False,True,False,False,False,False,False,False
0.69,735.0,294.0,220.5,3.5,0.0,11.93,2.5,2572.5,2.559550192783766,0,False,False,True,False,False,False,False,False
0.66,759.5,318.5,220.5,3.5,0.0,12.4,2.3846153846153846,2658.25,2.5952547069568657,0,False,False,False,False,False,False,False,False
0.66,759.5,318.5,220.5,3.5,0.0,12.23,2.3846153846153846,2658.25,2.5824869781268642,0,True,False,False,False,False,False,False,False
0.66,759.5,318.5,220.5,3.5,0.0,12.4,2.3846153846153846,2658.25,2.5952547069568657,0,False,True,False,False,False,False,False,False
0.66,759.5,318.5,220.5,3.5,0.0,12.14,2.3846153846153846,2658.25,2.5756610130564646,0,False,False,True,False,False,False,False,False
0.64,784.0,343.0,220.5,3.5,0.0,16.78,2.2857142857142856,2744.0,2.8780742300857587,0,False,False,False,False,False,False,False,False
0.64,784.0,343.0,220.5,3.5,0.0,16.8,2.2857142857142856,2744.0,2.8791984572980396,0,True,False,False,False,False,False,False,False
0.64,784.0,343.0,220.5,3.5,0.0,16.75,2.2857142857142856,2744.0,2.8763855159214247,0,False,True,False,False,False,False,False,False
0.64,784.0,343.0,220.5,3.5,0.0,16.67,2.2857142857142856,2744.0,2.871868286331605,0,False,False,True,False,False,False,False,False
0.62,808.5,367.5,220.5,3.5,0.0,12.07,2.2,2829.75,2.570319527636131,0,False,False,False,False,False,False,False,False
0.62,808.5,367.5,220.5,3.5,0.0,12.22,2.2,2829.75,2.5817308344235403,0,True,False,False,False,False,False,False,False
0.62,808.5,367.5,220.5,3.5,0.0,12.08,2.2,2829.75,2.5710843460290524,0,False,True,False,False,False,False,False,False
0.62,808.5,367.5,220.5,3.5,0.0,12.04,2.2,2829.75,2.5680215564985067,0,False,False,True,False,False,False,False,False
0.98,514.5,294.0,110.25,7.0,0.1,26.47,1.75,3601.5,3.3130945001071823,0,False,False,False,True,False,False,False,False
0.98,514.5,294.0,110.25,7.0,0.1,26.37,1.75,3601.5,3.309447523052588,0,True,False,False,True,False,False,False,False
0.98,514.5,294.0,110.25,7.0,0.1,26.44,1.75,3601.5,3.3120018028576848,0,False,True,False,True,False,False,False,False
0.98,514.5,294.0,110.25,7.0,0.1,26.29,1.75,3601.5,3.306520334720247,0,False,False,True,True,False,False,False,False
0.9,563.5,318.5,122.5,7.0,0.1,32.92,1.7692307692307692,3944.5,3.5240048109237025,0,False,False,False,True,False,False,False,False
0.9,563.5,318.5,122.5,7.0,0.1,29.87,1.7692307692307692,3944.5,3.429784838514068,0,True,False,False,True,False,False,False,False
0.9,563.5,318.5,122.5,7.0,0.1,29.58,1.7692307692307692,3944.5,3.420346200500916,0,False,True,False,True,False,False,False,False
0.9,563.5,318.5,122.5,7.0,0.1,34.33,1.7692307692307692,3944.5,3.5647324613710536,0,False,False,True,True,False,False,False,False
0.86,588.0,294.0,147.0,7.0,0.1,30.89,2.0,4116.0,3.4622924810219664,0,False,False,False,True,False,False,False,False
0.86,588.0,294.0,147.0,7.0,0.1,25.6,2.0,4116.0,3.280911215787653,0,True,False,False,True,False,False,False,False
0.86,588.0,294.0,147.0,7.0,0.1,27.03,2.0,4116.0,3.333275365176697,0,False,True,False,True,False,False,False,False
0.86,588.0,294.0,147.0,7.0,0.1,31.73,2.0,4116.0,3.4882920885130893,0,False,False,True,True,False,False,False,False
0.82,612.5,318.5,147.0,7.0,0.1,27.31,1.9230769230769231,4287.5,3.343215099123808,0,False,False,False,True,False,False,False,False
0.82,612.5,318.5,147.0,7.0,0.1,24.91,1.9230769230769231,4287.5,3.2546289945740186,0,True,False,False,True,False,False,False,False
0.82,612.5,318.5,147.0,7.0,0.1,24.61,1.9230769230769231,4287.5,3.242982900211434,0,False,True,False,True,False,False,False,False
0.82,612.5,318.5,147.0,7.0,0.1,28.51,1.9230769230769231,4287.5,3.3847291889548483,0,False,False,True,True,False,False,False,False
0.79,637.0,343.0,147.0,7.0,0.1,41.68,1.8571428571428572,4459.0,3.7537304264335525,0,False,False,False,True,False,False,False,False
0.79,637.0,343.0,147.0,7.0,0.1,35.28,1.8571428571428572,4459.0,3.591266625246936,0,True,False,False,True,False,False,False,False
0.79,637.0,343.0,147.0,7.0,0.1,34.43,1.8571428571428572,4459.0,3.5675589188773804,0,False,True,False,True,False,False,False,False
0.79,637.0,343.0,147.0,7.0,0.1,43.33,1.8571428571428572,4459.0,3.7916616487569623,0,False,False,True,True,False,False,False,False
0.76,661.5,416.5,122.5,7.0,0.1,33.87,1.588235294117647,4630.5,3.5516268606875596,0,False,False,False,True,False,False,False,False
0.76,661.5,416.5,122.5,7.0,0.1,34.07,1.588235294117647,4630.5,3.5573460641520867,0,True,False,False,True,False,False,False,False
0.76,661.5,416.5,122.5,7.0,0.1,34.14,1.588235294117647,4630.5,3.559340082758951,0,False,True,False,True,False,False,False,False
0.76,661.5,416.5,122.5,7.0,0.1,33.67,1.588235294117647,4630.5,3.545874759696932,0,False,False,True,True,False,False,False,False
0.74,686.0,245.0,220.5,3.5,0.1,13.43,2.8,2401.0,2.6693093727857793,0,False,False,False,True,False,False,False,False
0.74,686.0,245.0,220.5,3.5,0.1,13.71,2.8,2401.0,2.688527534613346,0,True,False,False,True,False,False,False,False
0.74,686.0,245.0,220.5,3.5,0.1,13.48,2.8,2401.0,2.6727683869575705,0,False,True,False,True,False,False,False,False
0.74,686.0,245.0,220.5,3.5,0.1,13.7,2.8,2401.0,2.6878474937846906,0,False,False,True,True,False,False,False,False
0.71,710.5,269.5,220.5,3.5,0.1,13.8,2.6363636363636362,2486.75,2.6946271807700692,0,False,False,False,True,False,False,False,False
0.71,710.5,269.5,220.5,3.5,0.1,14.28,2.6363636363636362,2486.75,2.7265447837383743,0,True,False,False,True,False,False,False,False
0.71,710.5,269.5,220.5,3.5,0.1,13.87,2.6363636363636362,2486.75,2.6993457604720636,0,False,True,False,True,False,False,False,False
0.71,710.5,269.5,220.5,3.5,0.1,14.27,2.6363636363636362,2486.75,2.725890119230541,0,False,False,True,True,False,False,False,False
0.69,735.0,294.0,220.5,3.5,0.1,14.28,2.5,2572.5,2.7265447837383743,0,False,False,False,True,False,False,False,False
0.69,735.0,294.0,220.5,3.5,0.1,14.61,2.5,2572.5,2.7479117345273405,0,True,False,False,True,False,False,False,False
0.69,735.0,294.0,220.5,3.5,0.1,14.3,2.5,2572.5,2.72785282839839,0,False,True,False,True,False,False,False,False
0.69,735.0,294.0,220.5,3.5,0.1,14.45,2.5,2572.5,2.7376090033437546,0,False,False,True,True,False,False,False,False
0.66,759.5,318.5,220.5,3.5,0.1,13.9,2.3846153846153846,2658.25,2.7013612129514133,0,False,False,False,True,False,False,False,False
0.66,759.5,318.5,220.5,3.5,0.1,13.72,2.3846153846153846,2658.25,2.6892071133007303,0,True,False,False,True,False,False,False,False
0.66,759.5,318.5,220.5,3.5,0.1,13.88,2.3846153846153846,2658.25,2.700018029404946,0,False,True,False,True,False,False,False,False
0.66,759.5,318.5,220.5,3.5,0.1,13.65,2.3846153846153846,2658.25,2.6844403354630764,0,False,False,True,True,False,False,False,False
0.64,784.0,343.0,220.5,3.5,0.1,19.37,2.2857142857142856,2744.0,3.0140632302387145,0,False,False,False,True,False,False,False,False
0.64,784.0,343.0,220.5,3.5,0.1,19.43,2.2857142857142856,2744.0,3.0170044088295307,0,True,False,False,True,False,False,False,False
0.64,784.0,343.0,220.5,3.5,0.1,19.34,2.2857142857142856,2744.0,3.012589390620414,0,False,True,False,True,False,False,False,False
0.64,784.0,343.0,220.5,3.5,0.1,19.32,2.2857142857142856,2744.0,3.011605622710281,0,False,False,True,True,False,False,False,False
0.62,808.5,367.5,220.5,3.5,0.1,14.34,2.2,2829.75,2.73046379593911,0,False,False,False,True,False,False,False,False
0.62,808.5,367.5,220.5,3.5,0.1,14.5,2.2,2829.75,2.740840023925201,0,True,False,False,True,False,False,False,False
0.62,808.5,367.5,220.5,3.5,0.1,14.33,2.2,2829.75,2.7298116928837226,0,False,True,False,True,False,False,False,False
0.62,808.5,367.5,220.5,3.5,0.1,14.27,2.2,2829.75,2.725890119230541,0,False,False,True,True,False,False,False,False
0.98,514.5,294.0,110.25,7.0,0.1,25.95,1.75,3601.5,3.2939832973550063,0,False,False,False,False,True,False,False,False
0.98,514.5,294.0,110.25,7.0,0.1,25.63,1.75,3601.5,3.282038399825841,0,True,False,False,False,True,False,False,False
0.98,514.5,294.0,110.25,7.0,0.1,26.13,1.75,3601.5,3.3006401266708405,0,False,True,False,False,True,False,False,False
0.98,514.5,294.0,110.25,7.0,0.1,25.89,1.75,3601.5,3.2917544702807735,0,False,False,True,False,True,False,False,False
0.9,563.5,318.5,122.5,7.0,0.1,32.54,1.7692307692307692,3944.5,3.5127387563950627,0,False,False,False,False,True,False,False,False
0.9,563.5,318.5,122.5,7.0,0.1,29.44,1.7692307692307692,3944.5,3.415757532993485,0,True,False,False,False,True,False,False,False
0.9,563.5,318.5,122.5,7.0,0.1,29.36,1.7692307692307692,3944.5,3.4131259525274293,0,False,True,False,False,True,False,False,False
0.9,563.5,318.5,122.5,7.0,0.1,34.2,1.7692307692307692,3944.5,3.5610460826040513,0,False,False,True,False,True,False,False,False
0.86,588.0,294.0,147.0,7.0,0.1,30.91,2.0,4116.0,3.462919440290152,0,False,False,False,False,True,False,False,False
0.86,588.0,294.0,147.0,7.0,0.1,25.63,2.0,4116.0,3.282038399825841,0,True,False,False,False,True,False,False,False
0.86,588.0,294.0,147.0,7.0,0.1,27.36,2.0,4116.0,3.344979701663927,0,False,True,False,False,True,False,False,False
0.86,588.0,294.0,147.0,7.0,0.1,31.9,2.0,4116.0,3.493472657771326,0,False,False,True,False,True,False,False,False
0.82,612.5,318.5,147.0,7.0,0.1,27.38,1.9230769230769231,4287.5,3.3456846717318967,0,False,False,False,False,True,False,False,False
0.82,612.5,318.5,147.0,7.0,0.1,25.02,1.9230769230769231,4287.5,3.2588654730843594,0,True,False,False,False,True,False,False,False
0.82,612.5,318.5,147.0,7.0,0.1,24.8,1.9230769230769231,4287.5,3.250374491927572,0,False,True,False,False,True,False,False,False
0.82,612.5,318.5,147.0,7.0,0.1,28.79,1.9230769230769231,4287.5,3.394172766725191,0,False,False,True,False,True,False,False,False
0.79,637.0,343.0,147.0,7.0,0.1,41.07,1.8571428571428572,4459.0,3.7393348976024297,0,False,False,False,False,True,False,False,False
0.79,637.0,343.0,147.0,7.0,0.1,34.62,1.8571428571428572,4459.0,3.5729072778615154,0,True,False,False,False,True,False,False,False
0.79,637.0,343.0,147.0,7.0,0.1,33.87,1.8571428571428572,4459.0,3.5516268606875596,0,False,True,False,False,True,False,False,False
0.79,637.0,343.0,147.0,7.0,0.1,42.86,1.8571428571428572,4459.0,3.781002742989742,0,False,False,True,False,True,False,False,False
0.76,661.5,416.5,122.5,7.0,0.1,33.91,1.588235294117647,4630.5,3.5527733211169448,0,False,False,False,False,True,False,False,False
0.76,661.5,416.5,122.5,7.0,0.1,34.07,1.588235294117647,4630.5,3.5573460641520867,0,True,False,False,False,True,False,False,False
0.76,661.5,416.5,122.5,7.0,0.1,34.17,1.588235294117647,4630.5,3.5601934464858913,0,False,True,False,False,True,False,False,False
0.76,661.5,416.5,122.5,7.0,0.1,33.78,1.588235294117647,4630.5,3.549042508926137,0,False,False,True,False,True,False,False,False
0.74,686.0,245.0,220.5,3.5,0.1,13.39,2.8,2401.0,2.6665335208992764,0,False,False,False,False,True,False,False,False
0.74,686.0,245.0,220.5,3.5,0.1,13.72,2.8,2401.0,2.6892071133007303,0,True,False,False,False,True,False,False,False
0.74,686.0,245.0,220.5,3.5,0.1,13.57,2.8,2401.0,2.6789646202071133,0,False,True,False,False,True,False,False,False
0.74,686.0,245.0,220.5,3.5,0.1,13.79,2.8,2401.0,2.6939512767227085,0,False,False,True,False,True,False,False,False
0.71,710.5,269.5,220.5,3.5,0.1,13.67,2.6363636363636362,2486.75,2.6858045921548905,0,False,False,False,False,True,False,False,False
0.71,710.5,269.5,220.5,3.5,0.1,14.11,2.6363636363636362,2486.75,2.715356776284648,0,True,False,False,False,True,False,False,False
0.71,710.5,269.5,220.5,3.5,0.1,13.8,2.6363636363636362,2486.75,2.6946271807700692,0,False,True,False,False,True,False,False,False
0.71,710.5,269.5,220.5,3.5,0.1,14.21,2.6363636363636362,2486.75,2.7219531062712017,0,False,False,True,False,True,False,False,False
0.69,735.0,294.0,220.5,3.5,0.1,13.2,2.5,2572.5,2.653241964607215,0,False,False,False,False,True,False,False,False
0.69,735.0,294.0,220.5,3.5,0.1,13.54,2.5,2572.5,2.6769034721053733,0,True,False,False,False,True,False,False,False
0.69,735.0,294.0,220.5,3.5,0.1,13.32,2.5,2572.5,2.6616571615324998,0,False,True,False,False,True,False,False,False
0.69,735.0,294.0,220.5,3.5,0.1,13.51,2.5,2572.5,2.6748380668960965,0,False,False,True,False,True,False,False,False
0.66,759.5,318.5,220.5,3.5,0.1,14.86,2.3846153846153846,2658.25,2.7638002162067017,0,False,False,False,False,True,False,False,False
0.66,759.5,318.5,220.5,3.5,0.1,14.75,2.3846153846153846,2658.25,2.7568403652716422,0,True,False,False,False,True,False,False,False
0.66,759.5,318.5,220.5,3.5,0.1,15.0,2.3846153846153846,2658.25,2.772588722239781,0,False,True,False,False,True,False,False,False
0.66,759.5,318.5,220.5,3.5,0.1,14.74,2.3846153846153846,2658.25,2.756205242989257,0,False,False,True,False,True,False,False,False
0.64,784.0,343.0,220.5,3.5,0.1,19.23,2.2857142857142856,2744.0,3.007166651179654,0,False,False,False,False,True,False,False,False
0.64,784.0,343.0,220.5,3.5,0.1,19.34,2.2857142857142856,2744.0,3.012589390620414,0,True,False,False,False,True,False,False,False
0.64,784.0,343.0,220.5,3.5,0.1,19.32,2.2857142857142856,2744.0,3.011605622710281,0,False,True,False,False,True,False,False,False
0.64,784.0,343.0,220.5,3.5,0.1,19.3,2.2857142857142856,2744.0,3.0106208860477417,0,False,False,True,False,True,False,False,False
0.62,808.5,367.5,220.5,3.5,0.1,14.37,2.2,2829.75,2.7324175575505043,0,False,False,False,False,True,False,False,False
0.62,808.5,367.5,220.5,3.5,0.1,14.57,2.2,2829.75,2.745345985845907,0,True,False,False,False,True,False,False,False
0.62,808.5,367.5,220.5,3.5,0.1,14.27,2.2,2829.75,2.725890119230541,0,False,True,False,False,True,False,False,False
0.62,808.5,367.5,220.5,3.5,0.1,14.24,2.2,2829.75,2.7239235502585,0,False,False,True,False,True,False,False,False
0.98,514.5,294.0,110.25,7.0,0.1,25.68,1.75,3601.5,3.283914221047423,0,False,False,False,False,False,True,False,False
0.98,514.5,294.0,110.25,7.0,0.1,26.02,1.75,3601.5,3.2965773325320527,0,True,False,False,False,False,True,False,False
0.98,514.5,294.0,110.25,7.0,0.1,25.84,1.75,3601.5,3.289893312103481,0,False,True,False,False,False,True,False,False
0.98,514.5,294.0,110.25,7.0,0.1,26.14,1.75,3601.5,3.301008654406723,0,False,False,True,False,False,True,False,False
0.9,563.5,318.5,122.5,7.0,0.1,34.14,1.7692307692307692,3944.5,3.559340082758951,0,False,False,False,False,False,True,False,False
0.9,563.5,318.5,122.5,7.0,0.1,32.85,1.7692307692307692,3944.5,3.521938999358284,0,True,False,False,False,False,True,False,False
0.9,563.5,318.5,122.5,7.0,0.1,30.08,1.7692307692307692,3944.5,3.436564525499447,0,False,True,False,False,False,True,False,False
0.9,563.5,318.5,122.5,7.0,0.1,29.67,1.7692307692307692,3944.5,3.4232849781261603,0,False,False,True,False,False,True,False,False
0.86,588.0,294.0,147.0,7.0,0.1,31.73,2.0,4116.0,3.4882920885130893,0,False,False,False,False,False,True,False,False
0.86,588.0,294.0,147.0,7.0,0.1,31.01,2.0,4116.0,3.4660483539817717,0,True,False,False,False,False,True,False,False
0.86,588.0,294.0,147.0,7.0,0.1,25.9,2.0,4116.0,3.292126286607793,0,False,True,False,False,False,True,False,False
0.86,588.0,294.0,147.0,7.0,0.1,27.4,2.0,4116.0,3.3463891451671604,0,False,False,True,False,False,True,False,False
0.82,612.5,318.5,147.0,7.0,0.1,28.68,1.9230769230769231,4287.5,3.39047341829918,0,False,False,False,False,False,True,False,False
0.82,612.5,318.5,147.0,7.0,0.1,27.54,1.9230769230769231,4287.5,3.3513066120486905,0,True,False,False,False,False,True,False,False
0.82,612.5,318.5,147.0,7.0,0.1,25.35,1.9230769230769231,4287.5,3.2714682749873716,0,False,True,False,False,False,True,False,False
0.82,612.5,318.5,147.0,7.0,0.1,24.93,1.9230769230769231,4287.5,3.255400599550573,0,False,False,True,False,False,True,False,False
0.79,637.0,343.0,147.0,7.0,0.1,43.12,1.8571428571428572,4459.0,3.786913194385302,0,False,False,False,False,False,True,False,False
0.79,637.0,343.0,147.0,7.0,0.1,41.22,1.8571428571428572,4459.0,3.7428940424201746,0,True,False,False,False,False,True,False,False
0.79,637.0,343.0,147.0,7.0,0.1,35.1,1.8571428571428572,4459.0,3.586292865338835,0,False,True,False,False,False,True,False,False
0.79,637.0,343.0,147.0,7.0,0.1,34.29,1.8571428571428572,4459.0,3.5635996376871786,0,False,False,True,False,False,True,False,False
0.76,661.5,416.5,122.5,7.0,0.1,33.85,1.588235294117647,4630.5,3.551053137206533,0,False,False,False,False,False,True,False,False
0.76,661.5,416.5,122.5,7.0,0.1,34.11,1.588235294117647,4630.5,3.558485990180341,0,True,False,False,False,False,True,False,False
0.76,661.5,416.5,122.5,7.0,0.1,34.48,1.588235294117647,4630.5,3.5689691574413787,0,False,True,False,False,False,True,False,False
0.76,661.5,416.5,122.5,7.0,0.1,34.5,1.588235294117647,4630.5,3.56953269648137,0,False,False,True,False,False,True,False,False
0.74,686.0,245.0,220.5,3.5,0.1,13.6,2.8,2401.0,2.681021528714291,0,False,False,False,False,False,True,False,False
0.74,686.0,245.0,220.5,3.5,0.1,13.36,2.8,2401.0,2.664446563620078,0,True,False,False,False,False,True,False,False
0.74,686.0,245.0,220.5,3.5,0.1,13.65,2.8,2401.0,2.6844403354630764,0,False,True,False,False,False,True,False,False
0.74,686.0,245.0,220.5,3.5,0.1,13.49,2.8,2401.0,2.673458756332591,0,False,False,True,False,False,True,False,False
0.71,710.5,269.5,220.5,3.5,0.1,14.14,2.6363636363636362,2486.75,2.717340248009303,0,False,False,False,False,False,True,False,False
0.71,710.5,269.5,220.5,3.5,0.1,13.77,2.6363636363636362,2486.75,2.6925980965432883,0,True,False,False,False,False,True,False,False
0.71,710.5,269.5,220.5,3.5,0.1,14.3,2.6363636363636362,2486.75,2.72785282839839,0,False,True,False,False,False,True,False,False
0.71,710.5,269.5,220.5,3.5,0.1,13.87,2.6363636363636362,2486.75,2.6993457604720636,0,False,False,True,False,False,True,False,False
0.69,735.0,294.0,220.5,3.5,0.1,14.44,2.5,2572.5,2.73696154459663,0,False,False,False,False,False,True,False,False
0.69,735.0,294.0,220.5,3.5,0.1,14.27,2.5,2572.5,2.725890119230541,0,True,False,False,False,False,True,False,False
0.69,735.0,294.0,220.5,3.5,0.1,14.67,2.5,2572.5,2.7517480563679295,0,False,True,False,False,False,True,False,False
0.69,735.0,294.0,220.5,3.5,0.1,14.4,2.5,2572.5,2.7343675094195836,0,False,False,True,False,False,True,False,False
0.66,759.5,318.5,220.5,3.5,0.1,13.46,2.3846153846153846,2658.25,2.671386216730619,0,False,False,False,False,False,True,False,False
0.66,759.5,318.5,220.5,3.5,0.1,13.7,2.3846153846153846,2658.25,2.6878474937846906,0,True,False,False,False,False,True,False,False
0.66,759.5,318.5,220.5,3.5,0.1,13.59,2.3846153846153846,2658.25,2.6803363625346943,0,False,True,False,False,False,True,False,False
0.66,759.5,318.5,220.5,3.5,0.1,13.83,2.3846153846153846,2658.25,2.696652156149841,0,False,False,True,False,False,True,False,False
0.64,784.0,343.0,220.5,3.5,0.1,19.14,2.2857142857142856,2744.0,3.0027078872904163,0,False,False,False,False,False,True,False,False
0.64,784.0,343.0,220.5,3.5,0.1,19.18,2.2857142857142856,2744.0,3.004692014925463,0,True,False,False,False,False,True,False,False
0.64,784.0,343.0,220.5,3.5,0.1,19.37,2.2857142857142856,2744.0,3.0140632302387145,0,False,True,False,False,False,True,False,False
0.64,784.0,343.0,220.5,3.5,0.1,19.29,2.2857142857142856,2744.0,3.0101281538377234,0,False,False,True,False,False,True,False,False
0.62,808.5,367.5,220.5,3.5,0.1,14.09,2.2,2829.75,2.7140322727797574,0,False,False,False,False,False,True,False,False
0.62,808.5,367.5,220.5,3.5,0.1,14.23,2.2,2829.75,2.7232671669070703,0,True,False,False,False,False,True,False,False
0.62,808.5,367.5,220.5,3.5,0.1,14.14,2.2,2829.75,2.717340248009303,0,False,True,False,False,False,True,False,False
0.62,808.5,367.5,220.5,3.5,0.1,13.89,2.2,2829.75,2.7006898466959175,0,False,False,True,False,False,True,False,False
0.98,514.5,294.0,110.25,7.0,0.1,25.91,1.75,3601.5,3.2924979647388146,0,False,False,False,False,False,False,True,False
0.98,514.5,294.0,110.25,7.0,0.1,25.72,1.75,3601.5,3.285412348668445,0,True,False,False,False,False,False,True,False
0.98,514.5,294.0,110.25,7.0,0.1,26.18,1.75,3601.5,3.3024814087229974,0,False,True,False,False,False,False,True,False
0.98,514.5,294.0,110.25,7.0,0.1,25.87,1.75,3601.5,3.2910104226273997,0,False,False,True,False,False,False,True,False
0.9,563.5,318.5,122.5,7.0,0.1,29.34,1.7692307692307692,3944.5,3.4124669739203863,0,False,False,False,False,False,False,True,False
0.9,563.5,318.5,122.5,7.0,0.1,33.91,1.7692307692307692,3944.5,3.5527733211169448,0,True,False,False,False,False,False,True,False
0.9,563.5,318.5,122.5,7.0,0.1,32.83,1.7692307692307692,3944.5,3.521347982792617,0,False,True,False,False,False,False,True,False
0.9,563.5,318.5,122.5,7.0,0.1,29.92,1.7692307692307692,3944.5,3.4314032237192214,0,False,False,True,False,False,False,True,False
0.86,588.0,294.0,147.0,7.0,0.1,27.17,2.0,4116.0,3.338257581888281,0,False,False,False,False,False,False,True,False
0.86,588.0,294.0,147.0,7.0,0.1,31.76,2.0,4116.0,3.4892082589848687,0,True,False,False,False,False,False,True,False
0.86,588.0,294.0,147.0,7.0,0.1,31.06,2.0,4116.0,3.467609147181407,0,False,True,False,False,False,False,True,False
0.86,588.0,294.0,147.0,7.0,0.1,25.81,2.0,4116.0,3.2887749522478678,0,False,False,True,False,False,False,True,False
0.82,612.5,318.5,147.0,7.0,0.1,24.61,1.9230769230769231,4287.5,3.242982900211434,0,False,False,False,False,False,False,True,False
0.82,612.5,318.5,147.0,7.0,0.1,28.61,1.9230769230769231,4287.5,3.3881121421135,0,True,False,False,False,False,False,True,False
0.82,612.5,318.5,147.0,7.0,0.1,27.57,1.9230769230769231,4287.5,3.3523572162426816,0,False,True,False,False,False,False,True,False
0.82,612.5,318.5,147.0,7.0,0.1,25.16,1.9230769230769231,4287.5,3.264231526588998,0,False,False,True,False,False,False,True,False
0.79,637.0,343.0,147.0,7.0,0.1,34.25,1.8571428571428572,4459.0,3.5624655292582776,0,False,False,False,False,False,False,True,False
0.79,637.0,343.0,147.0,7.0,0.1,43.3,1.8571428571428572,4459.0,3.7909846770510898,0,True,False,False,False,False,False,True,False
0.79,637.0,343.0,147.0,7.0,0.1,41.86,1.8571428571428572,4459.0,3.7579389900454307,0,False,True,False,False,False,False,True,False
0.79,637.0,343.0,147.0,7.0,0.1,35.29,1.8571428571428572,4459.0,3.591542221224979,0,False,False,True,False,False,False,True,False
0.76,661.5,416.5,122.5,7.0,0.1,34.11,1.588235294117647,4630.5,3.558485990180341,0,False,False,False,False,False,False,True,False
0.76,661.5,416.5,122.5,7.0,0.1,33.62,1.588235294117647,4630.5,3.544431549748063,0,True,False,False,False,False,False,True,False
0.76,661.5,416.5,122.5,7.0,0.1,33.89,1.588235294117647,4630.5,3.5522002551986827,0,False,True,False,False,False,False,True,False
0.76,661.5,416.5,122.5,7.0,0.1,34.05,1.588235294117647,4630.5,3.5567756134805992,0,False,False,True,False,False,False,True,False
0.74,686.0,245.0,220.5,3.5,0.1,13.2,2.8,2401.0,2.653241964607215,0,False,False,False,False,False,False,True,False
0.74,686.0,245.0,220.5,3.5,0.1,13.36,2.8,2401.0,2.664446563620078,0,True,False,False,False,False,False,True,False
0.74,686.0,245.0,220.5,3.5,0.1,13.21,2.8,2401.0,2.6539459421090092,0,False,True,False,False,False,False,True,False
0.74,686.0,245.0,220.5,3.5,0.1,13.53,2.8,2401.0,2.6762154775821916,0,False,False,True,False,False,False,True,False
0.71,710.5,269.5,220.5,3.5,0.1,13.67,2.6363636363636362,2486.75,2.6858045921548905,0,False,False,False,False,False,False,True,False
0.71,710.5,269.5,220.5,3.5,0.1,14.12,2.6363636363636362,2486.75,2.716018370751387,0,True,False,False,False,False,False,True,False
0.71,710.5,269.5,220.5,3.5,0.1,13.79,2.6363636363636362,2486.75,2.6939512767227085,0,False,True,False,False,False,False,True,False
0.71,710.5,269.5,220.5,3.5,0.1,14.2,2.6363636363636362,2486.75,2.7212954278522306,0,False,False,True,False,False,False,True,False
0.69,735.0,294.0,220.5,3.5,0.1,14.29,2.5,2572.5,2.727199019940971,0,False,False,False,False,False,False,True,False
0.69,735.0,294.0,220.5,3.5,0.1,14.49,2.5,2572.5,2.740194654428777,0,True,False,False,False,False,False,True,False
0.69,735.0,294.0,220.5,3.5,0.1,14.42,2.5,2572.5,2.7356653681351832,0,False,True,False,False,False,False,True,False
0.69,735.0,294.0,220.5,3.5,0.1,14.73,2.5,2572.5,2.7555697170701863,0,False,False,True,False,False,False,True,False
0.66,759.5,318.5,220.5,3.5,0.1,14.86,2.3846153846153846,2658.25,2.7638002162067017,0,False,False,False,False,False,False,True,False
0.66,759.5,318.5,220.5,3.5,0.1,14.67,2.3846153846153846,2658.25,2.7517480563679295,0,True,False,False,False,False,False,True,False
0.66,759.5,318.5,220.5,3.5,0.1,15.0,2.3846153846153846,2658.25,2.772588722239781,0,False,True,False,False,False,False,True,False
0.66,759.5,318.5,220.5,3.5,0.1,14.83,2.3846153846153846,2658.25,2.761906873892921,0,False,False,True,False,False,False,True,False
0.64,784.0,343.0,220.5,3.5,0.1,19.24,2.2857142857142856,2744.0,3.0076608444192647,0,False,False,False,False,False,False,True,False
0.64,784.0,343.0,220.5,3.5,0.1,19.25,2.2857142857142856,2744.0,3.0081547935525483,0,True,False,False,False,False,False,True,False
0.64,784.0,343.0,220.5,3.5,0.1,19.42,2.2857142857142856,2744.0,3.01651481273652,0,False,True,False,False,False,False,True,False
0.64,784.0,343.0,220.5,3.5,0.1,19.48,2.2857142857142856,2744.0,3.019448800171307,0,False,False,True,False,False,False,True,False
0.62,808.5,367.5,220.5,3.5,0.1,14.37,2.2,2829.75,2.7324175575505043,0,False,False,False,False,False,False,True,False
0.62,808.5,367.5,220.5,3.5,0.1,14.34,2.2,2829.75,2.73046379593911,0,True,False,False,False,False,False,True,False
0.62,808.5,367.5,220.5,3.5,0.1,14.28,2.2,2829.75,2.7265447837383743,0,False,True,False,False,False,False,True,False
0.62,808.5,367.5,220.5,3.5,0.1,14.47,2.2,2829.75,2.738902664584975,0,False,False,True,False,False,False,True,False
0.98,514.5,294.0,110.25,7.0,0.1,25.64,1.75,3601.5,3.2824138456721883,0,False,False,False,False,False,False,False,True
0.98,514.5,294.0,110.25,7.0,0.1,25.98,1.75,3601.5,3.2950958507796098,0,True,False,False,False,False,False,False,True
0.98,514.5,294.0,110.25,7.0,0.1,25.88,1.75,3601.5,3.2913825156549485,0,False,True,False,False,False,False,False,True
0.98,514.5,294.0,110.25,7.0,0.1,26.18,1.75,3601.5,3.3024814087229974,0,False,False,True,False,False,False,False,True
0.9,563.5,318.5,122.5,7.0,0.1,29.82,1.7692307692307692,3944.5,3.42816382989197,0,False,False,False,False,False,False,False,True
0.9,563.5,318.5,122.5,7.0,0.1,29.52,1.7692307692307692,3944.5,3.4183822064162563,0,True,False,False,False,False,False,False,True
0.9,563.5,318.5,122.5,7.0,0.1,34.45,1.7692307692307692,3944.5,3.5681232529781366,0,False,True,False,False,False,False,False,True
0.9,563.5,318.5,122.5,7.0,0.1,33.01,1.7692307692307692,3944.5,3.526654599019104,0,False,False,True,False,False,False,False,True
0.86,588.0,294.0,147.0,7.0,0.1,25.82,2.0,4116.0,3.2891478778535324,0,False,False,False,False,False,False,False,True
0.86,588.0,294.0,147.0,7.0,0.1,27.33,2.0,4116.0,3.3439213138424253,0,True,False,False,False,False,False,False,True
0.86,588.0,294.0,147.0,7.0,0.1,32.04,2.0,4116.0,3.497718948652777,0,False,True,False,False,False,False,False,True
0.86,588.0,294.0,147.0,7.0,0.1,31.28,2.0,4116.0,3.474447843401748,0,False,False,True,False,False,False,False,True
0.82,612.5,318.5,147.0,7.0,0.1,25.11,1.9230769230769231,4287.5,3.2623183827110376,0,False,False,False,False,False,False,False,True
0.82,612.5,318.5,147.0,7.0,0.1,24.77,1.9230769230769231,4287.5,3.2492110246642736,0,True,False,False,False,False,False,False,True
0.82,612.5,318.5,147.0,7.0,0.1,28.88,1.9230769230769231,4287.5,3.3971893602646164,0,False,True,False,False,False,False,False,True
0.82,612.5,318.5,147.0,7.0,0.1,27.69,1.9230769230769231,4287.5,3.3565486299932736,0,False,False,True,False,False,False,False,True
0.79,637.0,343.0,147.0,7.0,0.1,34.99,1.8571428571428572,4459.0,3.5832411220909393,0,False,False,False,False,False,False,False,True
0.79,637.0,343.0,147.0,7.0,0.1,34.18,1.8571428571428572,4459.0,3.560477739309412,0,True,False,False,False,False,False,False,True
0.79,637.0,343.0,147.0,7.0,0.1,43.14,1.8571428571428572,4459.0,3.7873664008285903,0,False,True,False,False,False,False,False,True
0.79,637.0,343.0,147.0,7.0,0.1,41.26,1.8571428571428572,4459.0,3.7438410121879104,0,False,False,True,False,False,False,False,True
0.76,661.5,416.5,122.5,7.0,0.1,34.25,1.588235294117647,4630.5,3.5624655292582776,0,False,False,False,False,False,False,False,True
0.76,661.5,416.5,122.5,7.0,0.1,34.35,1.588235294117647,4630.5,3.565298392342582,0,True,False,False,False,False,False,False,True
0.76,661.5,416.5,122.5,7.0,0.1,33.64,1.588235294117647,4630.5,3.5450090836942345,0,False,True,False,False,False,False,False,True
0.76,661.5,416.5,122.5,7.0,0.1,33.88,1.588235294117647,4630.5,3.551913599040779,0,False,False,True,False,False,False,False,True
0.74,686.0,245.0,220.5,3.5,0.1,13.65,2.8,2401.0,2.6844403354630764,0,False,False,False,False,False,False,False,True
0.74,686.0,245.0,220.5,3.5,0.1,13.44,2.8,2401.0,2.67000213346468,0,True,False,False,False,False,False,False,True
0.74,686.0,245.0,220.5,3.5,0.1,13.72,2.8,2401.0,2.6892071133007303,0,False,True,False,False,False,False,False,True
0.74,686.0,245.0,220.5,3.5,0.1,13.5,2.8,2401.0,2.6741486494265287,0,False,False,True,False,False,False,False,True
0.71,710.5,269.5,220.5,3.5,0.1,14.18,2.6363636363636362,2486.75,2.719978771967484,0,False,False,False,False,False,False,False,True
0.71,710.5,269.5,220.5,3.5,0.1,13.75,2.6363636363636362,2486.75,2.691243082785829,0,True,False,False,False,False,False,False,True
0.71,710.5,269.5,220.5,3.5,0.1,14.26,2.6363636363636362,2486.75,2.725235025856311,0,False,True,False,False,False,False,False,True
0.71,710.5,269.5,220.5,3.5,0.1,13.89,2.6363636363636362,2486.75,2.7006898466959175,0,False,False,True,False,False,False,False,True
0.69,735.0,294.0,220.5,3.5,0.1,14.55,2.5,2572.5,2.744060638625243,0,False,False,False,False,False,False,False,True
0.69,735.0,294.0,220.5,3.5,0.1,14.28,2.5,2572.5,2.7265447837383743,0,True,False,False,False,False,False,False,True
0.69,735.0,294.0,220.5,3.5,0.1,14.46,2.5,2572.5,2.738256043159276,0,False,True,False,False,False,False,False,True
0.69,735.0,294.0,220.5,3.5,0.1,14.39,2.5,2572.5,2.733717947850788,0,False,False,True,False,False,False,False,True
0.66,759.5,318.5,220.5,3.5,0.1,14.54,2.3846153846153846,2658.25,2.7434173449395014,0,False,False,False,False,False,False,False,True
0.66,759.5,318.5,220.5,3.5,0.1,14.81,2.3846153846153846,2658.25,2.7606426512213806,0,True,False,False,False,False,False,False,True
0.66,759.5,318.5,220.5,3.5,0.1,14.65,2.3846153846153846,2658.25,2.750470916986162,0,False,True,False,False,False,False,False,True
0.66,759.5,318.5,220.5,3.5,0.1,14.87,2.3846153846153846,2658.25,2.7644305345383176,0,False,False,True,False,False,False,False,True
0.64,784.0,343.0,220.5,3.5,0.1,19.24,2.2857142857142856,2744.0,3.0076608444192647,0,False,False,False,False,False,False,False,True
0.64,784.0,343.0,220.5,3.5,0.1,19.18,2.2857142857142856,2744.0,3.004692014925463,0,True,False,False,False,False,False,False,True
0.64,784.0,343.0,220.5,3.5,0.1,19.26,2.2857142857142856,2744.0,3.0086484988205373,0,False,True,False,False,False,False,False,True
0.64,784.0,343.0,220.5,3.5,0.1,19.29,2.2857142857142856,2744.0,3.0101281538377234,0,False,False,True,False,False,False,False,True
0.62,808.5,367.5,220.5,3.5,0.1,14.24,2.2,2829.75,2.7239235502585,0,False,False,False,False,False,False,False,True
0.62,808.5,367.5,220.5,3.5,0.1,13.97,2.2,2829.75,2.706048198431537,0,True,False,False,False,False,False,False,True
0.62,808.5,367.5,220.5,3.5,0.1,13.99,2.2,2829.75,2.7073833121145063,0,False,True,False,False,False,False,False,True
0.62,808.5,367.5,220.5,3.5,0.1,14.15,2.2,2829.75,2.7180005319553784,0,False,False,True,False,False,False,False,True
0.98,514.5,294.0,110.25,7.0,0.25,29.79,1.75,3601.5,3.427189961936409,0,False,False,False,True,False,False,False,False
0.98,514.5,294.0,110.25,7.0,0.25,29.79,1.75,3601.5,3.427189961936409,0,True,False,False,True,False,False,False,False
0.98,514.5,294.0,110.25,7.0,0.25,29.28,1.75,3601.5,3.410487428569248,0,False,True,False,True,False,False,False,False
0.98,514.5,294.0,110.25,7.0,0.25,29.49,1.75,3601.5,3.4173987610001633,0,False,False,True,True,False,False,False,False
0.9,563.5,318.5,122.5,7.0,0.25,36.12,1.7692307692307692,3944.5,3.6141559079179997,0,False,False,False,True,False,False,False,False
0.9,563.5,318.5,122.5,7.0,0.25,33.17,1.7692307692307692,3944.5,3.5313480661272005,0,True,False,False,True,False,False,False,False
0.9,563.5,318.5,122.5,7.0,0.25,32.71,1.7692307692307692,3944.5,3.5177945292459696,0,False,True,False,True,False,False,False,False
0.9,563.5,318.5,122.5,7.0,0.25,37.58,1.7692307692307692,3944.5,3.652734007477583,0,False,False,True,True,False,False,False,False
0.86,588.0,294.0,147.0,7.0,0.25,33.98,2.0,4116.0,3.554776469590456,0,False,False,False,True,False,False,False,False
0.86,588.0,294.0,147.0,7.0,0.25,28.61,2.0,4116.0,3.3881121421135,0,True,False,False,True,False,False,False,False
0.86,588.0,294.0,147.0,7.0,0.25,30.12,2.0,4116.0,3.4378506993101907,0,False,True,False,True,False,False,False,False
0.86,588.0,294.0,147.0,7.0,0.25,34.73,2.0,4116.0,3.5759906720353185,0,False,False,True,True,False,False,False,False
0.82,612.5,318.5,147.0,7.0,0.25,30.17,1.9230769230769231,4287.5,3.4394560937792455,0,False,False,False,True,False,False,False,False
0.82,612.5,318.5,147.0,7.0,0.25,27.84,1.9230769230769231,4287.5,3.3617633124167483,0,True,False,False,True,False,False,False,False
0.82,612.5,318.5,147.0,7.0,0.25,27.25,1.9230769230769231,4287.5,3.34109345759245,0,False,True,False,True,False,False,False,False
0.82,612.5,318.5,147.0,7.0,0.25,31.39,1.9230769230769231,4287.5,3.477849733183238,0,False,False,True,True,False,False,False,False
0.79,637.0,343.0,147.0,7.0,0.25,43.8,1.8571428571428572,4459.0,3.8022081394209395,0,False,False,False,True,False,False,False,False
0.79,637.0,343.0,147.0,7.0,0.25,37.81,1.8571428571428572,4459.0,3.658677945380815,0,True,False,False,True,False,False,False,False
0.79,637.0,343.0,147.0,7.0,0.25,36.85,1.8571428571428572,4459.0,3.6336309798834576,0,False,True,False,True,False,False,False,False
0.79,637.0,343.0,147.0,7.0,0.25,45.52,1.8571428571428572,4459.0,3.839882327650464,0,False,False,True,True,False,False,False,False
0.76,661.5,416.5,122.5,7.0,0.25,36.85,1.588235294117647,4630.5,3.6336309798834576,0,False,False,False,True,False,False,False,False
0.76,661.5,416.5,122.5,7.0,0.25,37.58,1.588235294117647,4630.5,3.652734007477583,0,True,False,False,True,False,False,False,False
0.76,661.5,416.5,122.5,7.0,0.25,37.45,1.588235294117647,4630.5,3.649358695951653,0,False,True,False,True,False,False,False,False
0.76,661.5,416.5,122.5,7.0,0.25,36.62,1.588235294117647,4630.5,3.627535823872884,0,False,False,True,True,False,False,False,False
0.74,686.0,245.0,220.5,3.5,0.25,15.19,2.8,2401.0,2.7843937676895436,0,False,False,False,True,False,False,False,False
0.74,686.0,245.0,220.5,3.5,0.25,15.5,2.8,2401.0,2.803360380906535,0,True,False,False,True,False,False,False,False
0.74,686.0,245.0,220.5,3.5,0.25,15.28,2.8,2401.0,2.789937360574394,0,False,True,False,True,False,False,False,False
0.74,686.0,245.0,220.5,3.5,0.25,15.5,2.8,2401.0,2.803360380906535,0,False,False,True,True,False,False,False,False
0.71,710.5,269.5,220.5,3.5,0.25,15.42,2.6363636363636362,2486.75,2.7985001040242823,0,False,False,False,True,False,False,False,False
0.71,710.5,269.5,220.5,3.5,0.25,15.85,2.6363636363636362,2486.75,2.8243506567983707,0,True,False,False,True,False,False,False,False
0.71,710.5,269.5,220.5,3.5,0.25,15.44,2.6363636363636362,2486.75,2.7997173896280336,0,False,True,False,True,False,False,False,False
0.71,710.5,269.5,220.5,3.5,0.25,15.81,2.6363636363636362,2486.75,2.821973947420524,0,False,False,True,True,False,False,False,False
0.69,735.0,294.0,220.5,3.5,0.25,15.21,2.5,2572.5,2.785628335747585,0,False,False,False,True,False,False,False,False
0.69,735.0,294.0,220.5,3.5,0.25,15.63,2.5,2572.5,2.8112082932048366,0,True,False,False,True,False,False,False,False
0.69,735.0,294.0,220.5,3.5,0.25,15.48,2.5,2572.5,2.8021475244813256,0,False,True,False,True,False,False,False,False
0.69,735.0,294.0,220.5,3.5,0.25,15.78,2.5,2572.5,2.82018770103906,0,False,False,True,True,False,False,False,False
0.66,759.5,318.5,220.5,3.5,0.25,16.39,2.3846153846153846,2658.25,2.855895328366192,0,False,False,False,True,False,False,False,False
0.66,759.5,318.5,220.5,3.5,0.25,16.27,2.3846153846153846,2658.25,2.848970892158587,0,True,False,False,True,False,False,False,False
0.66,759.5,318.5,220.5,3.5,0.25,16.39,2.3846153846153846,2658.25,2.855895328366192,0,False,True,False,True,False,False,False,False
0.66,759.5,318.5,220.5,3.5,0.25,16.19,2.3846153846153846,2658.25,2.844327819394758,0,False,False,True,True,False,False,False,False
0.64,784.0,343.0,220.5,3.5,0.25,21.13,2.2857142857142856,2744.0,3.096934154062958,0,False,False,False,True,False,False,False,False
0.64,784.0,343.0,220.5,3.5,0.25,21.19,2.2857142857142856,2744.0,3.099641736944503,0,True,False,False,True,False,False,False,False
0.64,784.0,343.0,220.5,3.5,0.25,21.09,2.2857142857142856,2744.0,3.095125017432026,0,False,True,False,True,False,False,False,False
0.64,784.0,343.0,220.5,3.5,0.25,21.08,2.2857142857142856,2744.0,3.0946722214088944,0,False,False,True,True,False,False,False,False
0.62,808.5,367.5,220.5,3.5,0.25,15.77,2.2,2829.75,2.8195915758351173,0,False,False,False,True,False,False,False,False
0.62,808.5,367.5,220.5,3.5,0.25,15.95,2.2,2829.75,2.830267833826459,0,True,False,False,True,False,False,False,False
0.62,808.5,367.5,220.5,3.5,0.25,15.77,2.2,2829.75,2.8195915758351173,0,False,True,False,True,False,False,False,False
0.62,808.5,367.5,220.5,3.5,0.25,15.76,2.2,2829.75,2.818995095053937,0,False,False,True,True,False,False,False,False
0.98,514.5,294.0,110.25,7.0,0.25,29.62,1.75,3601.5,3.4216533902295376,0,False,False,False,False,True,False,False,False
0.98,514.5,294.0,110.25,7.0,0.25,29.69,1.75,3601.5,3.4239368686316447,0,True,False,False,False,True,False,False,False
0.98,514.5,294.0,110.25,7.0,0.25,30.18,1.75,3601.5,3.4397768636296306,0,False,True,False,False,True,False,False,False
0.98,514.5,294.0,110.25,7.0,0.25,30.02,1.75,3601.5,3.4346321577483927,0,False,False,True,False,True,False,False,False
0.9,563.5,318.5,122.5,7.0,0.25,35.56,1.7692307692307692,3944.5,3.5989547465859495,0,False,False,False,False,True,False,False,False
0.9,563.5,318.5,122.5,7.0,0.25,32.64,1.7692307692307692,3944.5,3.5157158351047473,0,True,False,False,False,True,False,False,False
0.9,563.5,318.5,122.5,7.0,0.25,32.77,1.7692307692307692,3944.5,3.5195728343974766,0,False,True,False,False,True,False,False,False
0.9,563.5,318.5,122.5,7.0,0.25,37.72,1.7692307692307692,3944.5,3.656356262408376,0,False,False,True,False,True,False,False,False
0.86,588.0,294.0,147.0,7.0,0.25,33.37,2.0,4116.0,3.5371840908617425,0,False,False,False,False,True,False,False,False
0.86,588.0,294.0,147.0,7.0,0.25,27.89,2.0,4116.0,3.363495514478144,0,True,False,False,False,True,False,False,False
0.86,588.0,294.0,147.0,7.0,0.25,29.9,2.0,4116.0,3.4307561839036995,0,False,True,False,False,True,False,False,False
0.86,588.0,294.0,147.0,7.0,0.25,34.52,2.0,4116.0,3.5700959181239695,0,False,False,True,False,True,False,False,False
0.82,612.5,318.5,147.0,7.0,0.25,28.27,1.9230769230769231,4287.5,3.3765631007037946,0,False,False,False,False,True,False,False,False
0.82,612.5,318.5,147.0,7.0,0.25,26.96,1.9230769230769231,4287.5,3.3307749173656096,0,True,False,False,False,True,False,False,False
0.82,612.5,318.5,147.0,7.0,0.25,26.72,1.9230769230769231,4287.5,3.3221541743217022,0,False,True,False,False,True,False,False,False
0.82,612.5,318.5,147.0,7.0,0.25,29.88,1.9230769230769231,4287.5,3.4301087251565754,0,False,False,True,False,True,False,False,False
0.79,637.0,343.0,147.0,7.0,0.25,43.86,1.8571428571428572,4459.0,3.8035465290920625,0,False,False,False,False,True,False,False,False
0.79,637.0,343.0,147.0,7.0,0.25,37.41,1.8571428571428572,4459.0,3.6483178423578133,0,True,False,False,False,True,False,False,False
0.79,637.0,343.0,147.0,7.0,0.25,36.77,1.8571428571428572,4459.0,3.6315151367243654,0,False,True,False,False,True,False,False,False
0.79,637.0,343.0,147.0,7.0,0.25,45.97,1.8571428571428572,4459.0,3.8495091000389037,0,False,False,True,False,True,False,False,False
0.76,661.5,416.5,122.5,7.0,0.25,36.87,1.588235294117647,4630.5,3.634159241913703,0,False,False,False,False,True,False,False,False
0.76,661.5,416.5,122.5,7.0,0.25,37.35,1.588235294117647,4630.5,3.646754527813265,0,True,False,False,False,True,False,False,False
0.76,661.5,416.5,122.5,7.0,0.25,37.28,1.588235294117647,4630.5,3.6449275665847534,0,False,True,False,False,True,False,False,False
0.76,661.5,416.5,122.5,7.0,0.25,36.81,1.588235294117647,4630.5,3.6325736179028416,0,False,False,True,False,True,False,False,False
0.74,686.0,245.0,220.5,3.5,0.25,14.73,2.8,2401.0,2.7555697170701863,0,False,False,False,False,True,False,False,False
0.74,686.0,245.0,220.5,3.5,0.25,15.1,2.8,2401.0,2.7788192719904172,0,True,False,False,False,True,False,False,False
0.74,686.0,245.0,220.5,3.5,0.25,15.18,2.8,2401.0,2.7837759116303458,0,False,True,False,False,True,False,False,False
0.74,686.0,245.0,220.5,3.5,0.25,15.44,2.8,2401.0,2.7997173896280336,0,False,False,True,False,True,False,False,False
0.71,710.5,269.5,220.5,3.5,0.25,14.91,2.6363636363636362,2486.75,2.7669478423496954,0,False,False,False,False,True,False,False,False
0.71,710.5,269.5,220.5,3.5,0.25,15.4,2.6363636363636362,2486.75,2.797281334830153,0,True,False,False,False,True,False,False,False
0.71,710.5,269.5,220.5,3.5,0.25,14.94,2.6363636363636362,2486.75,2.768831673362069,0,False,True,False,False,True,False,False,False
0.71,710.5,269.5,220.5,3.5,0.25,15.32,2.6363636363636362,2486.75,2.792391349535961,0,False,False,True,False,True,False,False,False
0.69,735.0,294.0,220.5,3.5,0.25,15.52,2.5,2572.5,2.804571768092832,0,False,False,False,False,True,False,False,False
0.69,735.0,294.0,220.5,3.5,0.25,15.85,2.5,2572.5,2.8243506567983707,0,True,False,False,False,True,False,False,False
0.69,735.0,294.0,220.5,3.5,0.25,15.66,2.5,2572.5,2.8130106367386967,0,False,True,False,False,True,False,False,False
0.69,735.0,294.0,220.5,3.5,0.25,15.99,2.5,2572.5,2.8326249356838407,0,False,False,True,False,True,False,False,False
0.66,759.5,318.5,220.5,3.5,0.25,15.89,2.3846153846153846,2658.25,2.826721730819709,0,False,False,False,False,True,False,False,False
0.66,759.5,318.5,220.5,3.5,0.25,15.85,2.3846153846153846,2658.25,2.8243506567983707,0,True,False,False,False,True,False,False,False
0.66,759.5,318.5,220.5,3.5,0.25,16.22,2.3846153846153846,2658.25,2.8460714989995846,0,False,True,False,False,True,False,False,False
0.66,759.5,318.5,220.5,3.5,0.25,15.87,2.3846153846153846,2658.25,2.825536896557877,0,False,False,True,False,True,False,False,False
0.64,784.0,343.0,220.5,3.5,0.25,20.47,2.2857142857142856,2744.0,3.0666566118906897,0,False,False,False,False,True,False,False,False
0.64,784.0,343.0,220.5,3.5,0.25,20.56,2.2857142857142856,2744.0,3.0708397460407966,0,True,False,False,False,True,False,False,False
0.64,784.0,343.0,220.5,3.5,0.25,20.48,2.2857142857142856,2744.0,3.067122269640664,0,False,True,False,False,True,False,False,False
0.64,784.0,343.0,220.5,3.5,0.25,20.43,2.2857142857142856,2744.0,3.064791809485486,0,False,False,True,False,True,False,False,False
0.62,808.5,367.5,220.5,3.5,0.25,15.32,2.2,2829.75,2.792391349535961,0,False,False,False,False,True,False,False,False
0.62,808.5,367.5,220.5,3.5,0.25,15.64,2.2,2829.75,2.8118094353930627,0,True,False,False,False,True,False,False,False
0.62,808.5,367.5,220.5,3.5,0.25,15.14,2.2,2829.75,2.7813006628418027,0,False,True,False,False,True,False,False,False
0.62,808.5,367.5,220.5,3.5,0.25,15.3,2.2,2829.75,2.791165107812717,0,False,False,True,False,True,False,False,False
0.98,514.5,294.0,110.25,7.0,0.25,29.43,1.75,3601.5,3.4154289639088797,0,False,False,False,False,False,True,False,False
0.98,514.5,294.0,110.25,7.0,0.25,29.78,1.75,3601.5,3.426865128410733,0,True,False,False,False,False,True,False,False
0.98,514.5,294.0,110.25,7.0,0.25,30.1,1.75,3601.5,3.4372078191851885,0,False,True,False,False,False,True,False,False
0.98,514.5,294.0,110.25,7.0,0.25,30.19,1.75,3601.5,3.440097530619712,0,False,False,True,False,False,True,False,False
0.9,563.5,318.5,122.5,7.0,0.25,36.35,1.7692307692307692,3944.5,3.6203329115788265,0,False,False,False,False,False,True,False,False
0.9,563.5,318.5,122.5,7.0,0.25,35.1,1.7692307692307692,3944.5,3.586292865338835,0,True,False,False,False,False,True,False,False
0.9,563.5,318.5,122.5,7.0,0.25,32.83,1.7692307692307692,3944.5,3.521347982792617,0,False,True,False,False,False,True,False,False
0.9,563.5,318.5,122.5,7.0,0.25,32.46,1.7692307692307692,3944.5,3.510350695558678,0,False,False,True,False,False,True,False,False
0.86,588.0,294.0,147.0,7.0,0.25,33.52,2.0,4116.0,3.541538866215227,0,False,False,False,False,False,True,False,False
0.86,588.0,294.0,147.0,7.0,0.25,32.93,2.0,4116.0,3.5242995787961386,0,True,False,False,False,False,True,False,False
0.86,588.0,294.0,147.0,7.0,0.25,28.38,2.0,4116.0,3.380314170745731,0,False,True,False,False,False,True,False,False
0.86,588.0,294.0,147.0,7.0,0.25,29.82,2.0,4116.0,3.42816382989197,0,False,False,True,False,False,True,False,False
0.82,612.5,318.5,147.0,7.0,0.25,28.77,1.9230769230769231,4287.5,3.393501175027685,0,False,False,False,False,False,True,False,False
0.82,612.5,318.5,147.0,7.0,0.25,27.76,1.9230769230769231,4287.5,3.358985532852846,0,True,False,False,False,False,True,False,False
0.82,612.5,318.5,147.0,7.0,0.25,26.95,1.9230769230769231,4287.5,3.3304171996011083,0,False,True,False,False,False,True,False,False
0.82,612.5,318.5,147.0,7.0,0.25,26.41,1.9230769230769231,4287.5,3.3109079103146946,0,False,False,True,False,False,True,False,False
0.79,637.0,343.0,147.0,7.0,0.25,45.13,1.8571428571428572,4459.0,3.8314634975697293,0,False,False,False,False,False,True,False,False
0.79,637.0,343.0,147.0,7.0,0.25,43.66,1.8571428571428572,4459.0,3.799078246412012,0,True,False,False,False,False,True,False,False
0.79,637.0,343.0,147.0,7.0,0.25,37.76,1.8571428571428572,4459.0,3.6573887870225654,0,False,True,False,False,False,True,False,False
0.79,637.0,343.0,147.0,7.0,0.25,36.87,1.8571428571428572,4459.0,3.634159241913703,0,False,False,True,False,False,True,False,False
0.76,661.5,416.5,122.5,7.0,0.25,36.07,1.588235294117647,4630.5,3.612808017162641,0,False,False,False,False,False,True,False,False
0.76,661.5,416.5,122.5,7.0,0.25,36.44,1.588235294117647,4630.5,3.622739651609391,0,True,False,False,False,False,True,False,False
0.76,661.5,416.5,122.5,7.0,0.25,37.28,1.588235294117647,4630.5,3.6449275665847534,0,False,True,False,False,False,True,False,False
0.76,661.5,416.5,122.5,7.0,0.25,37.29,1.588235294117647,4630.5,3.6451887654892032,0,False,False,True,False,False,True,False,False
0.74,686.0,245.0,220.5,3.5,0.25,14.49,2.8,2401.0,2.740194654428777,0,False,False,False,False,False,True,False,False
0.74,686.0,245.0,220.5,3.5,0.25,13.79,2.8,2401.0,2.6939512767227085,0,True,False,False,False,False,True,False,False
0.74,686.0,245.0,220.5,3.5,0.25,14.72,2.8,2401.0,2.7549337870010606,0,False,True,False,False,False,True,False,False
0.74,686.0,245.0,220.5,3.5,0.25,14.76,2.8,2401.0,2.757475084429733,0,False,False,True,False,False,True,False,False
0.71,710.5,269.5,220.5,3.5,0.25,14.92,2.6363636363636362,2486.75,2.767576180416237,0,False,False,False,False,False,True,False,False
0.71,710.5,269.5,220.5,3.5,0.25,14.74,2.6363636363636362,2486.75,2.756205242989257,0,True,False,False,False,False,True,False,False
0.71,710.5,269.5,220.5,3.5,0.25,15.57,2.6363636363636362,2486.75,2.8075938314384716,0,False,True,False,False,False,True,False,False
0.71,710.5,269.5,220.5,3.5,0.25,14.94,2.6363636363636362,2486.75,2.768831673362069,0,False,False,True,False,False,True,False,False
0.69,735.0,294.0,220.5,3.5,0.25,14.92,2.5,2572.5,2.767576180416237,0,False,False,False,False,False,True,False,False
0.69,735.0,294.0,220.5,3.5,0.25,14.38,2.5,2572.5,2.733067964077498,0,True,False,False,False,False,True,False,False
0.69,735.0,294.0,220.5,3.5,0.25,15.44,2.5,2572.5,2.7997173896280336,0,False,True,False,False,False,True,False,False
0.69,735.0,294.0,220.5,3.5,0.25,15.17,2.5,2572.5,2.7831576735890153,0,False,False,True,False,False,True,False,False
0.66,759.5,318.5,220.5,3.5,0.25,15.53,2.3846153846153846,2658.25,2.8051769118329326,0,False,False,False,False,False,True,False,False
0.66,759.5,318.5,220.5,3.5,0.25,15.8,2.3846153846153846,2658.25,2.8213788864092133,0,True,False,False,False,False,True,False,False
0.66,759.5,318.5,220.5,3.5,0.25,16.14,2.3846153846153846,2658.25,2.8414149131696336,0,False,True,False,False,False,True,False,False
0.66,759.5,318.5,220.5,3.5,0.25,16.26,2.3846153846153846,2658.25,2.848391685655282,0,False,False,True,False,False,True,False,False
0.64,784.0,343.0,220.5,3.5,0.25,19.87,2.2857142857142856,2744.0,3.0383127210891097,0,False,False,False,False,False,True,False,False
0.64,784.0,343.0,220.5,3.5,0.25,20.03,2.2857142857142856,2744.0,3.0459499897146083,0,True,False,False,False,False,True,False,False
0.64,784.0,343.0,220.5,3.5,0.25,20.46,2.2857142857142856,2744.0,3.0661907372025525,0,False,True,False,False,False,True,False,False
0.64,784.0,343.0,220.5,3.5,0.25,20.28,2.2857142857142856,2744.0,3.0577676644734435,0,False,False,True,False,False,True,False,False
0.62,808.5,367.5,220.5,3.5,0.25,14.89,2.2,2829.75,2.7656899805486246,0,False,False,False,False,False,True,False,False
0.62,808.5,367.5,220.5,3.5,0.25,14.96,2.2,2829.75,2.7700855920216627,0,True,False,False,False,False,True,False,False
0.62,808.5,367.5,220.5,3.5,0.25,14.89,2.2,2829.75,2.7656899805486246,0,False,True,False,False,False,True,False,False
0.62,808.5,367.5,220.5,3.5,0.25,14.35,2.2,2829.75,2.731115474033206,0,False,False,True,False,False,True,False,False
0.98,514.5,294.0,110.25,7.0,0.25,29.61,1.75,3601.5,3.421326752957321,0,False,False,False,False,False,False,True,False
0.98,514.5,294.0,110.25,7.0,0.25,29.59,1.75,3601.5,3.420673158162812,0,True,False,False,False,False,False,True,False
0.98,514.5,294.0,110.25,7.0,0.25,30.19,1.75,3601.5,3.440097530619712,0,False,True,False,False,False,False,True,False
0.98,514.5,294.0,110.25,7.0,0.25,30.12,1.75,3601.5,3.4378506993101907,0,False,False,True,False,False,False,True,False
0.9,563.5,318.5,122.5,7.0,0.25,32.12,1.7692307692307692,3944.5,3.500137329517059,0,False,False,False,False,False,False,True,False
0.9,563.5,318.5,122.5,7.0,0.25,37.12,1.7692307692307692,3944.5,3.6407390787860012,0,True,False,False,False,False,False,True,False
0.9,563.5,318.5,122.5,7.0,0.25,36.16,1.7692307692307692,3944.5,3.6152329139456376,0,False,True,False,False,False,False,True,False
0.9,563.5,318.5,122.5,7.0,0.25,33.16,1.7692307692307692,3944.5,3.531055368920369,0,False,False,True,False,False,False,True,False
0.86,588.0,294.0,147.0,7.0,0.25,29.45,2.0,4116.0,3.416085994155906,0,False,False,False,False,False,False,True,False
0.86,588.0,294.0,147.0,7.0,0.25,34.19,2.0,4116.0,3.5607619513334936,0,True,False,False,False,False,False,True,False
0.86,588.0,294.0,147.0,7.0,0.25,33.93,2.0,4116.0,3.5533460588187404,0,False,True,False,False,False,False,True,False
0.86,588.0,294.0,147.0,7.0,0.25,28.31,2.0,4116.0,3.377928754722801,0,False,False,True,False,False,False,True,False
0.82,612.5,318.5,147.0,7.0,0.25,26.3,1.9230769230769231,4287.5,3.306886702190914,0,False,False,False,False,False,False,True,False
0.82,612.5,318.5,147.0,7.0,0.25,29.43,1.9230769230769231,4287.5,3.4154289639088797,0,True,False,False,False,False,False,True,False
0.82,612.5,318.5,147.0,7.0,0.25,28.76,1.9230769230769231,4287.5,3.393165209964891,0,False,True,False,False,False,False,True,False
0.82,612.5,318.5,147.0,7.0,0.25,27.34,1.9230769230769231,4287.5,3.3442742342625342,0,False,False,True,False,False,False,True,False
0.79,637.0,343.0,147.0,7.0,0.25,36.26,1.8571428571428572,4459.0,3.6179203651734424,0,False,False,False,False,False,False,True,False
0.79,637.0,343.0,147.0,7.0,0.25,45.48,1.8571428571428572,4459.0,3.8390221125436557,0,True,False,False,False,False,False,True,False
0.79,637.0,343.0,147.0,7.0,0.25,44.16,1.8571428571428572,4459.0,3.810211739281461,0,False,True,False,False,False,False,True,False
0.79,637.0,343.0,147.0,7.0,0.25,37.26,1.8571428571428572,4459.0,3.644404964012107,0,False,False,True,False,False,False,True,False
0.76,661.5,416.5,122.5,7.0,0.25,37.2,1.588235294117647,4630.5,3.6428355156125294,0,False,False,False,False,False,False,True,False
0.76,661.5,416.5,122.5,7.0,0.25,36.76,1.588235294117647,4630.5,3.6312503412773,0,True,False,False,False,False,False,True,False
0.76,661.5,416.5,122.5,7.0,0.25,37.05,1.588235294117647,4630.5,3.6389010843076948,0,False,True,False,False,False,False,True,False
0.76,661.5,416.5,122.5,7.0,0.25,37.51,1.588235294117647,4630.5,3.6509179478268177,0,False,False,True,False,False,False,True,False
0.74,686.0,245.0,220.5,3.5,0.25,14.92,2.8,2401.0,2.767576180416237,0,False,False,False,False,False,False,True,False
0.74,686.0,245.0,220.5,3.5,0.25,15.24,2.8,2401.0,2.787477334733532,0,True,False,False,False,False,False,True,False
0.74,686.0,245.0,220.5,3.5,0.25,15.03,2.8,2401.0,2.7744619666214616,0,False,True,False,False,False,False,True,False
0.74,686.0,245.0,220.5,3.5,0.25,15.35,2.8,2401.0,2.794227897343262,0,False,False,True,False,False,False,True,False
0.71,710.5,269.5,220.5,3.5,0.25,14.67,2.6363636363636362,2486.75,2.7517480563679295,0,False,False,False,False,False,False,True,False
0.71,710.5,269.5,220.5,3.5,0.25,15.09,2.6363636363636362,2486.75,2.7781979610042917,0,True,False,False,False,False,False,True,False
0.71,710.5,269.5,220.5,3.5,0.25,15.2,2.6363636363636362,2486.75,2.785011242238338,0,False,True,False,False,False,False,True,False
0.71,710.5,269.5,220.5,3.5,0.25,15.64,2.6363636363636362,2486.75,2.8118094353930627,0,False,False,True,False,False,False,True,False
0.69,735.0,294.0,220.5,3.5,0.25,15.37,2.5,2572.5,2.7954503913830435,0,False,False,False,False,False,False,True,False
0.69,735.0,294.0,220.5,3.5,0.25,15.73,2.5,2572.5,2.8172035149987327,0,True,False,False,False,False,False,True,False
0.69,735.0,294.0,220.5,3.5,0.25,15.83,2.5,2572.5,2.8231630082027146,0,False,True,False,False,False,False,True,False
0.69,735.0,294.0,220.5,3.5,0.25,16.13,2.5,2572.5,2.8408313123360287,0,False,False,True,False,False,False,True,False
0.66,759.5,318.5,220.5,3.5,0.25,15.95,2.3846153846153846,2658.25,2.830267833826459,0,False,False,False,False,False,False,True,False
0.66,759.5,318.5,220.5,3.5,0.25,15.59,2.3846153846153846,2658.25,2.808800104202353,0,True,False,False,False,False,False,True,False
0.66,759.5,318.5,220.5,3.5,0.25,16.17,2.3846153846153846,2658.25,2.843163674909384,0,False,True,False,False,False,False,True,False
0.66,759.5,318.5,220.5,3.5,0.25,16.14,2.3846153846153846,2658.25,2.8414149131696336,0,False,False,True,False,False,False,True,False
0.64,784.0,343.0,220.5,3.5,0.25,19.65,2.2857142857142856,2744.0,3.027715319407042,0,False,False,False,False,False,False,True,False
0.64,784.0,343.0,220.5,3.5,0.25,19.76,2.2857142857142856,2744.0,3.033028058297688,0,True,False,False,False,False,False,True,False
0.64,784.0,343.0,220.5,3.5,0.25,20.37,2.2857142857142856,2744.0,3.0619880693310564,0,False,True,False,False,False,False,True,False
0.64,784.0,343.0,220.5,3.5,0.25,19.9,2.2857142857142856,2744.0,3.039749158970765,0,False,False,True,False,False,False,True,False
0.62,808.5,367.5,220.5,3.5,0.25,15.41,2.2,2829.75,2.7978909051019993,0,False,False,False,False,False,False,True,False
0.62,808.5,367.5,220.5,3.5,0.25,15.56,2.2,2829.75,2.8069901489571136,0,True,False,False,False,False,False,True,False
0.62,808.5,367.5,220.5,3.5,0.25,15.07,2.2,2829.75,2.776954179749421,0,False,True,False,False,False,False,True,False
0.62,808.5,367.5,220.5,3.5,0.25,15.38,2.2,2829.75,2.7960610784249234,0,False,False,True,False,False,False,True,False
0.98,514.5,294.0,110.25,7.0,0.25,29.53,1.75,3601.5,3.4187098067467865,0,False,False,False,False,False,False,False,True
0.98,514.5,294.0,110.25,7.0,0.25,29.77,1.75,3601.5,3.4265401893339504,0,True,False,False,False,False,False,False,True
0.98,514.5,294.0,110.25,7.0,0.25,30.0,1.75,3601.5,3.4339872044851463,0,False,True,False,False,False,False,False,True
0.98,514.5,294.0,110.25,7.0,0.25,30.2,1.75,3601.5,3.4404180948154366,0,False,False,True,False,False,False,False,True
0.9,563.5,318.5,122.5,7.0,0.25,32.25,1.7692307692307692,3944.5,3.504054767101863,0,False,False,False,False,False,False,False,True
0.9,563.5,318.5,122.5,7.0,0.25,32.0,1.7692307692307692,3944.5,3.4965075614664802,0,True,False,False,False,False,False,False,True
0.9,563.5,318.5,122.5,7.0,0.25,37.19,1.7692307692307692,3944.5,3.6425737012374246,0,False,True,False,False,False,False,False,True
0.9,563.5,318.5,122.5,7.0,0.25,35.62,1.7692307692307692,3944.5,3.6005945392463645,0,False,False,True,False,False,False,False,True
0.86,588.0,294.0,147.0,7.0,0.25,28.02,2.0,4116.0,3.367985247456042,0,False,False,False,False,False,False,False,True
0.86,588.0,294.0,147.0,7.0,0.25,29.43,2.0,4116.0,3.4154289639088797,0,True,False,False,False,False,False,False,True
0.86,588.0,294.0,147.0,7.0,0.25,34.15,2.0,4116.0,3.5596246182566738,0,False,True,False,False,False,False,False,True
0.86,588.0,294.0,147.0,7.0,0.25,33.47,2.0,4116.0,3.540089380528774,0,False,False,True,False,False,False,False,True
0.82,612.5,318.5,147.0,7.0,0.25,26.53,1.9230769230769231,4287.5,3.315276319154516,0,False,False,False,False,False,False,False,True
0.82,612.5,318.5,147.0,7.0,0.25,26.08,1.9230769230769231,4287.5,3.298795448044074,0,True,False,False,False,False,False,False,True
0.82,612.5,318.5,147.0,7.0,0.25,29.31,1.9230769230769231,4287.5,3.4114776910697118,0,False,True,False,False,False,False,False,True
0.82,612.5,318.5,147.0,7.0,0.25,28.14,1.9230769230769231,4287.5,3.3721118007670587,0,False,False,True,False,False,False,False,True
0.79,637.0,343.0,147.0,7.0,0.25,37.54,1.8571428571428572,4459.0,3.6516966629862204,0,False,False,False,False,False,False,False,True
0.79,637.0,343.0,147.0,7.0,0.25,36.66,1.8571428571428572,4459.0,3.628598523229006,0,True,False,False,False,False,False,False,True
0.79,637.0,343.0,147.0,7.0,0.25,45.28,1.8571428571428572,4459.0,3.834709902325476,0,False,True,False,False,False,False,False,True
0.79,637.0,343.0,147.0,7.0,0.25,43.73,1.8571428571428572,4459.0,3.8006444174447567,0,False,False,True,False,False,False,False,True
0.76,661.5,416.5,122.5,7.0,0.25,36.93,1.588235294117647,4630.5,3.6357423557008075,0,False,False,False,False,False,False,False,True
0.76,661.5,416.5,122.5,7.0,0.25,37.01,1.588235294117647,4630.5,3.6378492830011573,0,True,False,False,False,False,False,False,True
0.76,661.5,416.5,122.5,7.0,0.25,35.73,1.588235294117647,4630.5,3.6035938598315758,0,False,True,False,False,False,False,False,True
0.76,661.5,416.5,122.5,7.0,0.25,36.15,1.588235294117647,4630.5,3.6149637711637683,0,False,False,True,False,False,False,False,True
0.74,686.0,245.0,220.5,3.5,0.25,14.48,2.8,2401.0,2.739548868161581,0,False,False,False,False,False,False,False,True
0.74,686.0,245.0,220.5,3.5,0.25,14.58,2.8,2401.0,2.7459880404426023,0,True,False,False,False,False,False,False,True
0.74,686.0,245.0,220.5,3.5,0.25,14.81,2.8,2401.0,2.7606426512213806,0,False,True,False,False,False,False,False,True
0.74,686.0,245.0,220.5,3.5,0.25,14.03,2.8,2401.0,2.710048203764883,0,False,False,True,False,False,False,False,True
0.71,710.5,269.5,220.5,3.5,0.25,15.27,2.6363636363636362,2486.75,2.7893229212309465,0,False,False,False,False,False,False,False,True
0.71,710.5,269.5,220.5,3.5,0.25,14.71,2.6363636363636362,2486.75,2.75429745226753,0,True,False,False,False,False,False,False,True
0.71,710.5,269.5,220.5,3.5,0.25,15.23,2.6363636363636362,2486.75,2.7868613815264998,0,False,True,False,False,False,False,False,True
0.71,710.5,269.5,220.5,3.5,0.25,14.97,2.6363636363636362,2486.75,2.770711962226921,0,False,False,True,False,False,False,False,True
0.69,735.0,294.0,220.5,3.5,0.25,15.14,2.5,2572.5,2.7813006628418027,0,False,False,False,False,False,False,False,True
0.69,735.0,294.0,220.5,3.5,0.25,14.97,2.5,2572.5,2.770711962226921,0,True,False,False,False,False,False,False,True
0.69,735.0,294.0,220.5,3.5,0.25,15.22,2.5,2572.5,2.7862450486872667,0,False,True,False,False,False,False,False,True
0.69,735.0,294.0,220.5,3.5,0.25,14.6,2.5,2572.5,2.747270914255491,0,False,False,True,False,False,False,False,True
0.66,759.5,318.5,220.5,3.5,0.25,15.83,2.3846153846153846,2658.25,2.8231630082027146,0,False,False,False,False,False,False,False,True
0.66,759.5,318.5,220.5,3.5,0.25,16.03,2.3846153846153846,2658.25,2.834976494674597,0,True,False,False,False,False,False,False,True
0.66,759.5,318.5,220.5,3.5,0.25,15.8,2.3846153846153846,2658.25,2.8213788864092133,0,False,True,False,False,False,False,False,True
0.66,759.5,318.5,220.5,3.5,0.25,16.06,2.3846153846153846,2658.25,2.836736542063533,0,False,False,True,False,False,False,False,True
0.64,784.0,343.0,220.5,3.5,0.25,20.13,2.2857142857142856,2744.0,3.0506938316279655,0,False,False,False,False,False,False,False,True
0.64,784.0,343.0,220.5,3.5,0.25,20.01,2.2857142857142856,2744.0,3.044998514856909,0,True,False,False,False,False,False,False,True
0.64,784.0,343.0,220.5,3.5,0.25,20.19,2.2857142857142856,2744.0,3.0535293722802077,0,False,True,False,False,False,False,False,True
0.64,784.0,343.0,220.5,3.5,0.25,20.29,2.2857142857142856,2744.0,3.058237478905388,0,False,False,True,False,False,False,False,True
0.62,808.5,367.5,220.5,3.5,0.25,15.19,2.2,2829.75,2.7843937676895436,0,False,False,False,False,False,False,False,True
0.62,808.5,367.5,220.5,3.5,0.25,14.61,2.2,2829.75,2.7479117345273405,0,True,False,False,False,False,False,False,True
0.62,808.5,367.5,220.5,3.5,0.25,14.61,2.2,2829.75,2.7479117345273405,0,False,True,False,False,False,False,False,True
0.62,808.5,367.5,220.5,3.5,0.25,14.75,2.2,2829.75,2.7568403652716422,0,False,False,True,False,False,False,False,True
0.98,514.5,294.0,110.25,7.0,0.4,33.37,1.75,3601.5,3.5371840908617425,1,False,False,False,True,False,False,False,False
0.98,514.5,294.0,110.25,7.0,0.4,33.34,1.75,3601.5,3.5363108554693294,1,True,False,False,True,False,False,False,False
0.98,514.5,294.0,110.25,7.0,0.4,32.83,1.75,3601.5,3.521347982792617,1,False,True,False,True,False,False,False,False
0.98,514.5,294.0,110.25,7.0,0.4,33.04,1.75,3601.5,3.5275363037051735,1,False,False,True,True,False,False,False,False
0.9,563.5,318.5,122.5,7.0,0.4,39.28,1.7692307692307692,3944.5,3.6958550678503617,1,False,False,False,True,False,False,False,False
0.9,563.5,318.5,122.5,7.0,0.4,36.38,1.7692307692307692,3944.5,3.6211358020274167,1,True,False,False,True,False,False,False,False
0.9,563.5,318.5,122.5,7.0,0.4,35.92,1.7692307692307692,3944.5,3.6087534096346516,1,False,True,False,True,False,False,False,False
0.9,563.5,318.5,122.5,7.0,0.4,40.99,1.7692307692307692,3944.5,3.737431494696102,1,False,False,True,True,False,False,False,False
0.86,588.0,294.0,147.0,7.0,0.4,35.99,2.0,4116.0,3.610647605844363,1,False,False,False,True,False,False,False,False
0.86,588.0,294.0,147.0,7.0,0.4,30.66,2.0,4116.0,3.4550540544528663,1,True,False,False,True,False,False,False,False
0.86,588.0,294.0,147.0,7.0,0.4,31.7,2.0,4116.0,3.4873750779032076,1,False,True,False,True,False,False,False,False
0.86,588.0,294.0,147.0,7.0,0.4,36.73,2.0,4116.0,3.6304555339762192,1,False,False,True,True,False,False,False,False
0.82,612.5,318.5,147.0,7.0,0.4,31.71,1.9230769230769231,4287.5,3.4876808415502927,1,False,False,False,True,False,False,False,False
0.82,612.5,318.5,147.0,7.0,0.4,29.13,1.9230769230769231,4287.5,3.40552135314221,1,True,False,False,True,False,False,False,False
0.82,612.5,318.5,147.0,7.0,0.4,28.99,1.9230769230769231,4287.5,3.4008639927609177,1,False,True,False,True,False,False,False,False
0.82,612.5,318.5,147.0,7.0,0.4,33.54,1.9230769230769231,4287.5,3.5421180727185324,1,False,False,True,True,False,False,False,False
0.79,637.0,343.0,147.0,7.0,0.4,45.29,1.8571428571428572,4459.0,3.834925955043179,1,False,False,False,True,False,False,False,False
0.79,637.0,343.0,147.0,7.0,0.4,39.07,1.8571428571428572,4459.0,3.6906279246480533,1,True,False,False,True,False,False,False,False
0.79,637.0,343.0,147.0,7.0,0.4,38.35,1.8571428571428572,4459.0,3.6724959748634123,1,False,True,False,True,False,False,False,False
0.79,637.0,343.0,147.0,7.0,0.4,46.94,1.8571428571428572,4459.0,3.869950229006238,1,False,False,True,True,False,False,False,False
0.76,661.5,416.5,122.5,7.0,0.4,39.55,1.588235294117647,4630.5,3.702535780561422,1,False,False,False,True,False,False,False,False
0.76,661.5,416.5,122.5,7.0,0.4,40.85,1.588235294117647,4630.5,3.7340917969354845,1,True,False,False,True,False,False,False,False
0.76,661.5,416.5,122.5,7.0,0.4,40.63,1.588235294117647,4630.5,3.728821061206884,1,False,True,False,True,False,False,False,False
0.76,661.5,416.5,122.5,7.0,0.4,39.48,1.588235294117647,4630.5,3.70080802497921,1,False,False,True,True,False,False,False,False
0.74,686.0,245.0,220.5,3.5,0.4,16.94,2.8,2401.0,2.88703285663065,1,False,False,False,True,False,False,False,False
0.74,686.0,245.0,220.5,3.5,0.4,17.25,2.8,2401.0,2.9041650800285006,1,True,False,False,True,False,False,False,False
0.74,686.0,245.0,220.5,3.5,0.4,17.03,2.8,2401.0,2.8920370372152258,1,False,True,False,True,False,False,False,False
0.74,686.0,245.0,220.5,3.5,0.4,17.25,2.8,2401.0,2.9041650800285006,1,False,False,True,True,False,False,False,False
0.71,710.5,269.5,220.5,3.5,0.4,17.1,2.6363636363636362,2486.75,2.89591193827178,1,False,False,False,True,False,False,False,False
0.71,710.5,269.5,220.5,3.5,0.4,17.51,2.6363636363636362,2486.75,2.9183111265854063,1,True,False,False,True,False,False,False,False
0.71,710.5,269.5,220.5,3.5,0.4,17.12,2.6363636363636362,2486.75,2.8970163006148333,1,False,True,False,True,False,False,False,False
0.71,710.5,269.5,220.5,3.5,0.4,17.47,2.6363636363636362,2486.75,2.9161477942111484,1,False,False,True,True,False,False,False,False
0.69,735.0,294.0,220.5,3.5,0.4,16.5,2.5,2572.5,2.8622008809294686,1,False,False,False,True,False,False,False,False
0.69,735.0,294.0,220.5,3.5,0.4,17.0,2.5,2572.5,2.8903717578961645,1,True,False,False,True,False,False,False,False
0.69,735.0,294.0,220.5,3.5,0.4,16.87,2.5,2572.5,2.8831233291713367,1,False,True,False,True,False,False,False,False
0.69,735.0,294.0,220.5,3.5,0.4,17.2,2.5,2572.5,2.9014215940827497,1,False,False,True,True,False,False,False,False
0.66,759.5,318.5,220.5,3.5,0.4,18.14,2.3846153846153846,2658.25,2.9517803860248084,1,False,False,False,True,False,False,False,False
0.66,759.5,318.5,220.5,3.5,0.4,18.03,2.3846153846153846,2658.25,2.946016681308058,1,True,False,False,True,False,False,False,False
0.66,759.5,318.5,220.5,3.5,0.4,18.14,2.3846153846153846,2658.25,2.9517803860248084,1,False,True,False,True,False,False,False,False
0.66,759.5,318.5,220.5,3.5,0.4,17.95,2.3846153846153846,2658.25,2.9418039315284354,1,False,False,True,True,False,False,False,False
0.64,784.0,343.0,220.5,3.5,0.4,22.72,2.2857142857142856,2744.0,3.1663185741295248,1,False,False,False,True,False,False,False,False
0.64,784.0,343.0,220.5,3.5,0.4,22.73,2.2857142857142856,2744.0,3.166740070447672,1,True,False,False,True,False,False,False,False
0.64,784.0,343.0,220.5,3.5,0.4,22.72,2.2857142857142856,2744.0,3.1663185741295248,1,False,True,False,True,False,False,False,False
0.64,784.0,343.0,220.5,3.5,0.4,22.53,2.2857142857142856,2744.0,3.158276202739271,1,False,False,True,True,False,False,False,False
0.62,808.5,367.5,220.5,3.5,0.4,17.2,2.2,2829.75,2.9014215940827497,1,False,False,False,True,False,False,False,False
0.62,808.5,367.5,220.5,3.5,0.4,17.21,2.2,2829.75,2.9019708937395166,1,True,False,False,True,False,False,False,False
0.62,808.5,367.5,220.5,3.5,0.4,17.15,2.2,2829.75,2.8986705607108596,1,False,True,False,True,False,False,False,False
0.62,808.5,367.5,220.5,3.5,0.4,17.2,2.2,2829.75,2.9014215940827497,1,False,False,True,True,False,False,False,False
0.98,514.5,294.0,110.25,7.0,0.4,32.96,1.75,3601.5,3.5251833614431467,1,False,False,False,False,True,False,False,False
0.98,514.5,294.0,110.25,7.0,0.4,33.13,1.75,3601.5,3.530176762918616,1,True,False,False,False,True,False,False,False
0.98,514.5,294.0,110.25,7.0,0.4,33.94,1.75,3601.5,3.5536323047059106,1,False,True,False,False,True,False,False,False
0.98,514.5,294.0,110.25,7.0,0.4,33.78,1.75,3601.5,3.549042508926137,1,False,False,True,False,True,False,False,False
0.9,563.5,318.5,122.5,7.0,0.4,38.35,1.7692307692307692,3944.5,3.6724959748634123,1,False,False,False,False,True,False,False,False
0.9,563.5,318.5,122.5,7.0,0.4,35.39,1.7692307692307692,3944.5,3.5942940116240685,1,True,False,False,False,True,False,False,False
0.9,563.5,318.5,122.5,7.0,0.4,34.94,1.7692307692307692,3944.5,3.581850881355413,1,False,True,False,False,True,False,False,False
0.9,563.5,318.5,122.5,7.0,0.4,40.66,1.7692307692307692,3944.5,3.729541435832826,1,False,False,True,False,True,False,False,False
0.86,588.0,294.0,147.0,7.0,0.4,35.48,2.0,4116.0,3.5967641652061304,1,False,False,False,False,True,False,False,False
0.86,588.0,294.0,147.0,7.0,0.4,30.53,2.0,4116.0,3.4509394735569696,1,True,False,False,False,True,False,False,False
0.86,588.0,294.0,147.0,7.0,0.4,32.28,2.0,4116.0,3.5049566159530077,1,False,True,False,False,True,False,False,False
0.86,588.0,294.0,147.0,7.0,0.4,36.86,2.0,4116.0,3.633895145781177,1,False,False,True,False,True,False,False,False
0.82,612.5,318.5,147.0,7.0,0.4,30.34,1.9230769230769231,4287.5,3.444895236927875,1,False,False,False,False,True,False,False,False
0.82,612.5,318.5,147.0,7.0,0.4,27.93,1.9230769230769231,4287.5,3.3648791189880436,1,True,False,False,False,True,False,False,False
0.82,612.5,318.5,147.0,7.0,0.4,28.95,1.9230769230769231,4287.5,3.3995293245614584,1,False,True,False,False,True,False,False,False
0.82,612.5,318.5,147.0,7.0,0.4,32.92,1.9230769230769231,4287.5,3.5240048109237025,1,False,False,True,False,True,False,False,False
0.79,637.0,343.0,147.0,7.0,0.4,45.59,1.8571428571428572,4459.0,3.8413859258287055,1,False,False,False,False,True,False,False,False
0.79,637.0,343.0,147.0,7.0,0.4,39.41,1.8571428571428572,4459.0,3.6990772790903823,1,True,False,False,False,True,False,False,False
0.79,637.0,343.0,147.0,7.0,0.4,38.84,1.8571428571428572,4459.0,3.6848714327163976,1,False,True,False,False,True,False,False,False
0.79,637.0,343.0,147.0,7.0,0.4,48.03,1.8571428571428572,4459.0,3.892432355663142,1,False,False,True,False,True,False,False,False
0.76,661.5,416.5,122.5,7.0,0.4,39.48,1.588235294117647,4630.5,3.70080802497921,1,False,False,False,False,True,False,False,False
0.76,661.5,416.5,122.5,7.0,0.4,40.4,1.588235294117647,4630.5,3.7232808808312687,1,True,False,False,False,True,False,False,False
0.76,661.5,416.5,122.5,7.0,0.4,40.47,1.588235294117647,4630.5,3.7249702742582897,1,False,True,False,False,True,False,False,False
0.76,661.5,416.5,122.5,7.0,0.4,39.7,1.588235294117647,4630.5,3.7062280924485496,1,False,False,True,False,True,False,False,False
0.74,686.0,245.0,220.5,3.5,0.4,16.43,2.8,2401.0,2.8581928595319295,1,False,False,False,False,True,False,False,False
0.74,686.0,245.0,220.5,3.5,0.4,16.93,2.8,2401.0,2.8864752876170416,1,True,False,False,False,True,False,False,False
0.74,686.0,245.0,220.5,3.5,0.4,16.99,2.8,2401.0,2.8898160479624417,1,False,True,False,False,True,False,False,False
0.74,686.0,245.0,220.5,3.5,0.4,17.03,2.8,2401.0,2.8920370372152258,1,False,False,True,False,True,False,False,False
0.71,710.5,269.5,220.5,3.5,0.4,16.77,2.6363636363636362,2486.75,2.87751164216656,1,False,False,False,False,True,False,False,False
0.71,710.5,269.5,220.5,3.5,0.4,17.37,2.6363636363636362,2486.75,2.9107188992270343,1,True,False,False,False,True,False,False,False
0.71,710.5,269.5,220.5,3.5,0.4,17.27,2.6363636363636362,2486.75,2.9052603703899154,1,False,True,False,False,True,False,False,False
0.71,710.5,269.5,220.5,3.5,0.4,17.51,2.6363636363636362,2486.75,2.9183111265854063,1,False,False,True,False,True,False,False,False
0.69,735.0,294.0,220.5,3.5,0.4,16.44,2.5,2572.5,2.8587664184808337,1,False,False,False,False,True,False,False,False
0.69,735.0,294.0,220.5,3.5,0.4,17.01,2.5,2572.5,2.8909271591878647,1,True,False,False,False,True,False,False,False
0.69,735.0,294.0,220.5,3.5,0.4,17.23,2.5,2572.5,2.9030685886905716,1,False,True,False,False,True,False,False,False
0.69,735.0,294.0,220.5,3.5,0.4,17.22,2.5,2572.5,2.9025198918318122,1,False,False,True,False,True,False,False,False
0.66,759.5,318.5,220.5,3.5,0.4,17.85,2.3846153846153846,2658.25,2.93651291389402,1,False,False,False,False,True,False,False,False
0.66,759.5,318.5,220.5,3.5,0.4,17.89,2.3846153846153846,2658.25,2.9386326815134183,1,True,False,False,False,True,False,False,False
0.66,759.5,318.5,220.5,3.5,0.4,18.36,2.3846153846153846,2658.25,2.963209081848431,1,False,True,False,False,True,False,False,False
0.66,759.5,318.5,220.5,3.5,0.4,18.15,2.3846153846153846,2658.25,2.952302715626655,1,False,False,True,False,True,False,False,False
0.64,784.0,343.0,220.5,3.5,0.4,21.72,2.2857142857142856,2744.0,3.1232455938529506,1,False,False,False,False,True,False,False,False
0.64,784.0,343.0,220.5,3.5,0.4,22.07,2.2857142857142856,2744.0,3.138533072185662,1,True,False,False,False,True,False,False,False
0.64,784.0,343.0,220.5,3.5,0.4,22.09,2.2857142857142856,2744.0,3.139399623366404,1,False,True,False,False,True,False,False,False
0.64,784.0,343.0,220.5,3.5,0.4,21.93,2.2857142857142856,2744.0,3.132446096869813,1,False,False,True,False,True,False,False,False
0.62,808.5,367.5,220.5,3.5,0.4,17.36,2.2,2829.75,2.9101743851923443,1,False,False,False,False,True,False,False,False
0.62,808.5,367.5,220.5,3.5,0.4,17.38,2.2,2829.75,2.911263116927541,1,True,False,False,False,True,False,False,False
0.62,808.5,367.5,220.5,3.5,0.4,16.86,2.2,2829.75,2.882563575448353,1,False,True,False,False,True,False,False,False
0.62,808.5,367.5,220.5,3.5,0.4,16.99,2.2,2829.75,2.8898160479624417,1,False,False,True,False,True,False,False,False
0.98,514.5,294.0,110.25,7.0,0.4,32.78,1.75,3601.5,3.519868911379654,1,False,False,False,False,False,True,False,False
0.98,514.5,294.0,110.25,7.0,0.4,33.24,1.75,3601.5,3.5333945512735414,1,True,False,False,False,False,True,False,False
0.98,514.5,294.0,110.25,7.0,0.4,33.86,1.75,3601.5,3.551340040091875,1,False,True,False,False,False,True,False,False
0.98,514.5,294.0,110.25,7.0,0.4,34.0,1.75,3601.5,3.5553480614894135,1,False,False,True,False,False,True,False,False
0.9,563.5,318.5,122.5,7.0,0.4,37.26,1.7692307692307692,3944.5,3.644404964012107,1,False,False,False,False,False,True,False,False
0.9,563.5,318.5,122.5,7.0,0.4,35.04,1.7692307692307692,3944.5,3.584629432740137,1,True,False,False,False,False,True,False,False
0.9,563.5,318.5,122.5,7.0,0.4,33.82,1.7692307692307692,3944.5,3.550191934340043,1,False,True,False,False,False,True,False,False
0.9,563.5,318.5,122.5,7.0,0.4,33.31,1.7692307692307692,3944.5,3.5354368568703585,1,False,False,True,False,False,True,False,False
0.86,588.0,294.0,147.0,7.0,0.4,35.22,2.0,4116.0,3.589611452455267,1,False,False,False,False,False,True,False,False
0.86,588.0,294.0,147.0,7.0,0.4,34.7,2.0,4116.0,3.5751506887855933,1,True,False,False,False,False,True,False,False
0.86,588.0,294.0,147.0,7.0,0.4,30.11,2.0,4116.0,3.4375293109095457,1,False,True,False,False,False,True,False,False
0.86,588.0,294.0,147.0,7.0,0.4,31.6,2.0,4116.0,3.484312288372662,1,False,False,True,False,False,True,False,False
0.82,612.5,318.5,147.0,7.0,0.4,32.43,1.9230769230769231,4287.5,3.509453700432007,1,False,False,False,False,False,True,False,False
0.82,612.5,318.5,147.0,7.0,0.4,30.65,1.9230769230769231,4287.5,3.4547381485901854,1,True,False,False,False,False,True,False,False
0.82,612.5,318.5,147.0,7.0,0.4,29.77,1.9230769230769231,4287.5,3.4265401893339504,1,False,True,False,False,False,True,False,False
0.82,612.5,318.5,147.0,7.0,0.4,29.64,1.9230769230769231,4287.5,3.4223063448723905,1,False,False,True,False,False,True,False,False
0.79,637.0,343.0,147.0,7.0,0.4,46.44,1.8571428571428572,4459.0,3.85946575468947,1,False,False,False,False,False,True,False,False
0.79,637.0,343.0,147.0,7.0,0.4,44.18,1.8571428571428572,4459.0,3.810654511039857,1,True,False,False,False,False,True,False,False
0.79,637.0,343.0,147.0,7.0,0.4,38.81,1.8571428571428572,4459.0,3.684118137012226,1,False,True,False,False,False,True,False,False
0.79,637.0,343.0,147.0,7.0,0.4,38.23,1.8571428571428572,4459.0,3.6694417602214613,1,False,False,True,False,False,True,False,False
0.76,661.5,416.5,122.5,7.0,0.4,38.17,1.588235294117647,4630.5,3.66791114767774,1,False,False,False,False,False,True,False,False
0.76,661.5,416.5,122.5,7.0,0.4,38.48,1.588235294117647,4630.5,3.675794214565281,1,True,False,False,False,False,True,False,False
0.76,661.5,416.5,122.5,7.0,0.4,39.66,1.588235294117647,4630.5,3.7052448082002005,1,False,True,False,False,False,True,False,False
0.76,661.5,416.5,122.5,7.0,0.4,40.1,1.588235294117647,4630.5,3.716008121502189,1,False,False,True,False,False,True,False,False
0.74,686.0,245.0,220.5,3.5,0.4,16.08,2.8,2401.0,2.837908188360424,1,False,False,False,False,False,True,False,False
0.74,686.0,245.0,220.5,3.5,0.4,15.39,2.8,2401.0,2.7966713927557385,1,True,False,False,False,False,True,False,False
0.74,686.0,245.0,220.5,3.5,0.4,16.57,2.8,2401.0,2.866192902199006,1,False,True,False,False,False,True,False,False
0.74,686.0,245.0,220.5,3.5,0.4,16.6,2.8,2401.0,2.8678989020441064,1,False,False,True,False,False,True,False,False
0.71,710.5,269.5,220.5,3.5,0.4,16.11,2.6363636363636362,2486.75,2.839663087904102,1,False,False,False,False,False,True,False,False
0.71,710.5,269.5,220.5,3.5,0.4,15.47,2.6363636363636362,2486.75,2.801540544189549,1,True,False,False,False,False,True,False,False
0.71,710.5,269.5,220.5,3.5,0.4,16.7,2.6363636363636362,2486.75,2.8735646395797834,1,False,True,False,False,False,True,False,False
0.71,710.5,269.5,220.5,3.5,0.4,16.1,2.6363636363636362,2486.75,2.8390784635086144,1,False,False,True,False,False,True,False,False
0.69,735.0,294.0,220.5,3.5,0.4,16.35,2.5,2572.5,2.8535925063928684,1,False,False,False,False,False,True,False,False
0.69,735.0,294.0,220.5,3.5,0.4,15.84,2.5,2572.5,2.8237570088141806,1,True,False,False,False,False,True,False,False
0.69,735.0,294.0,220.5,3.5,0.4,16.99,2.5,2572.5,2.8898160479624417,1,False,True,False,False,False,True,False,False
0.69,735.0,294.0,220.5,3.5,0.4,17.02,2.5,2572.5,2.8914822521801917,1,False,False,True,False,False,True,False,False
0.66,759.5,318.5,220.5,3.5,0.4,17.04,2.3846153846153846,2658.25,2.8925915146344776,1,False,False,False,False,False,True,False,False
0.66,759.5,318.5,220.5,3.5,0.4,17.63,2.3846153846153846,2658.25,2.924773184613497,1,True,False,False,False,False,True,False,False
0.66,759.5,318.5,220.5,3.5,0.4,18.1,2.3846153846153846,2658.25,2.9496883350525844,1,False,True,False,False,False,True,False,False
0.66,759.5,318.5,220.5,3.5,0.4,18.22,2.3846153846153846,2658.25,2.955951403542146,1,False,False,True,False,False,True,False,False
0.64,784.0,343.0,220.5,3.5,0.4,20.78,2.2857142857142856,2744.0,3.0809921175048145,1,False,False,False,False,False,True,False,False
0.64,784.0,343.0,220.5,3.5,0.4,20.72,2.2857142857142856,2744.0,3.0782334950657346,1,True,False,False,False,False,True,False,False
0.64,784.0,343.0,220.5,3.5,0.4,21.54,2.2857142857142856,2744.0,3.11529150861163,1,False,True,False,False,False,True,False,False
0.64,784.0,343.0,220.5,3.5,0.4,21.53,2.2857142857142856,2744.0,3.114847754444153,1,False,False,True,False,False,True,False,False
0.62,808.5,367.5,220.5,3.5,0.4,16.9,2.2,2829.75,2.884800712846709,1,False,False,False,False,False,True,False,False
0.62,808.5,367.5,220.5,3.5,0.4,17.14,2.2,2829.75,2.8981194446869907,1,True,False,False,False,False,True,False,False
0.62,808.5,367.5,220.5,3.5,0.4,16.56,2.2,2829.75,2.8656235882069705,1,False,True,False,False,False,True,False,False
0.62,808.5,367.5,220.5,3.5,0.4,16.0,2.2,2829.75,2.833213344056216,1,False,False,True,False,False,True,False,False
0.98,514.5,294.0,110.25,7.0,0.4,32.95,1.75,3601.5,3.5248888540047054,1,False,False,False,False,False,False,True,False
0.98,514.5,294.0,110.25,7.0,0.4,33.06,1.75,3601.5,3.5281236752345424,1,True,False,False,False,False,False,True,False
0.98,514.5,294.0,110.25,7.0,0.4,33.95,1.75,3601.5,3.5539184686798193,1,False,True,False,False,False,False,True,False
0.98,514.5,294.0,110.25,7.0,0.4,33.88,1.75,3601.5,3.551913599040779,1,False,False,True,False,False,False,True,False
0.9,563.5,318.5,122.5,7.0,0.4,33.98,1.7692307692307692,3944.5,3.554776469590456,1,False,False,False,False,False,False,True,False
0.9,563.5,318.5,122.5,7.0,0.4,39.92,1.7692307692307692,3944.5,3.711618941083426,1,True,False,False,False,False,False,True,False
0.9,563.5,318.5,122.5,7.0,0.4,39.22,1.7692307692307692,3944.5,3.6943643843445058,1,False,True,False,False,False,False,True,False
0.9,563.5,318.5,122.5,7.0,0.4,36.1,1.7692307692307692,3944.5,3.6136169696133895,1,False,False,True,False,False,False,True,False
0.86,588.0,294.0,147.0,7.0,0.4,31.53,2.0,4116.0,3.48216274048526,1,False,False,False,False,False,False,True,False
0.86,588.0,294.0,147.0,7.0,0.4,36.2,2.0,4116.0,3.616308761279101,1,True,False,False,False,False,False,True,False
0.86,588.0,294.0,147.0,7.0,0.4,36.21,2.0,4116.0,3.6165775423585313,1,False,True,False,False,False,False,True,False
0.86,588.0,294.0,147.0,7.0,0.4,31.0,2.0,4116.0,3.4657359027997265,1,False,False,True,False,False,False,True,False
0.82,612.5,318.5,147.0,7.0,0.4,28.2,1.9230769230769231,4287.5,3.374168709274236,1,False,False,False,False,False,False,True,False
0.82,612.5,318.5,147.0,7.0,0.4,32.35,1.9230769230769231,4287.5,3.507057772361633,1,True,False,False,False,False,False,True,False
0.82,612.5,318.5,147.0,7.0,0.4,31.14,1.9230769230769231,4287.5,3.4701013603093664,1,False,True,False,False,False,False,True,False
0.82,612.5,318.5,147.0,7.0,0.4,28.43,1.9230769230769231,4287.5,3.382014562245381,1,False,False,True,False,False,False,True,False
0.79,637.0,343.0,147.0,7.0,0.4,38.33,1.8571428571428572,4459.0,3.671987586443718,1,False,False,False,False,False,False,True,False
0.79,637.0,343.0,147.0,7.0,0.4,47.59,1.8571428571428572,4459.0,3.883417748417812,1,True,False,False,False,False,False,True,False
0.79,637.0,343.0,147.0,7.0,0.4,46.23,1.8571428571428572,4459.0,3.8550292839080256,1,False,True,False,False,False,False,True,False
0.79,637.0,343.0,147.0,7.0,0.4,39.56,1.8571428571428572,4459.0,3.702782359282928,1,False,False,True,False,False,False,True,False
0.76,661.5,416.5,122.5,7.0,0.4,40.36,1.588235294117647,4630.5,3.7223142302001735,1,False,False,False,False,False,False,True,False
0.76,661.5,416.5,122.5,7.0,0.4,39.67,1.588235294117647,4630.5,3.7054907199191334,1,True,False,False,False,False,False,True,False
0.76,661.5,416.5,122.5,7.0,0.4,39.85,1.588235294117647,4630.5,3.709906821306012,1,False,True,False,False,False,False,True,False
0.76,661.5,416.5,122.5,7.0,0.4,40.77,1.588235294117647,4630.5,3.732178378509084,1,False,False,True,False,False,False,True,False
0.74,686.0,245.0,220.5,3.5,0.4,16.61,2.8,2401.0,2.8684669225081145,1,False,False,False,False,False,False,True,False
0.74,686.0,245.0,220.5,3.5,0.4,16.74,2.8,2401.0,2.8758219768814333,1,True,False,False,False,False,False,True,False
0.74,686.0,245.0,220.5,3.5,0.4,16.9,2.8,2401.0,2.884800712846709,1,False,True,False,False,False,False,True,False
0.74,686.0,245.0,220.5,3.5,0.4,17.32,2.8,2401.0,2.9079933592459843,1,False,False,True,False,False,False,True,False
0.71,710.5,269.5,220.5,3.5,0.4,16.85,2.6363636363636362,2486.75,2.8820035082256483,1,False,False,False,False,False,False,True,False
0.71,710.5,269.5,220.5,3.5,0.4,17.2,2.6363636363636362,2486.75,2.9014215940827497,1,True,False,False,False,False,False,True,False
0.71,710.5,269.5,220.5,3.5,0.4,17.23,2.6363636363636362,2486.75,2.9030685886905716,1,False,True,False,False,False,False,True,False
0.71,710.5,269.5,220.5,3.5,0.4,17.74,2.6363636363636362,2486.75,2.930660276810276,1,False,False,True,False,False,False,True,False
0.69,735.0,294.0,220.5,3.5,0.4,16.81,2.5,2572.5,2.87976009730157,1,False,False,False,False,False,False,True,False
0.69,735.0,294.0,220.5,3.5,0.4,16.88,2.5,2572.5,2.883682769745368,1,True,False,False,False,False,False,True,False
0.69,735.0,294.0,220.5,3.5,0.4,16.9,2.5,2572.5,2.884800712846709,1,False,True,False,False,False,False,True,False
0.69,735.0,294.0,220.5,3.5,0.4,17.39,2.5,2572.5,2.91180703861623,1,False,False,True,False,False,False,True,False
0.66,759.5,318.5,220.5,3.5,0.4,17.86,2.3846153846153846,2658.25,2.937043277205311,1,False,False,False,False,False,False,True,False
0.66,759.5,318.5,220.5,3.5,0.4,17.82,2.3846153846153846,2658.25,2.9349201341572337,1,True,False,False,False,False,False,True,False
0.66,759.5,318.5,220.5,3.5,0.4,18.36,2.3846153846153846,2658.25,2.963209081848431,1,False,True,False,False,False,False,True,False
0.66,759.5,318.5,220.5,3.5,0.4,18.24,2.3846153846153846,2658.25,2.9569914452375605,1,False,False,True,False,False,False,True,False
0.64,784.0,343.0,220.5,3.5,0.4,21.68,2.2857142857142856,2744.0,3.121483478859551,1,False,False,False,False,False,False,True,False
0.64,784.0,343.0,220.5,3.5,0.4,21.54,2.2857142857142856,2744.0,3.11529150861163,1,True,False,False,False,False,False,True,False
0.64,784.0,343.0,220.5,3.5,0.4,22.25,2.2857142857142856,2744.0,3.1463051320333655,1,False,True,False,False,False,False,True,False
0.64,784.0,343.0,220.5,3.5,0.4,22.49,2.2857142857142856,2744.0,3.1565747986708215,1,False,False,True,False,False,False,True,False
0.62,808.5,367.5,220.5,3.5,0.4,17.1,2.2,2829.75,2.89591193827178,1,False,False,False,False,False,False,True,False
0.62,808.5,367.5,220.5,3.5,0.4,16.79,2.2,2829.75,2.8786365016777435,1,True,False,False,False,False,False,True,False
0.62,808.5,367.5,220.5,3.5,0.4,16.58,2.2,2829.75,2.866761892257031,1,False,True,False,False,False,False,True,False
0.62,808.5,367.5,220.5,3.5,0.4,16.79,2.2,2829.75,2.8786365016777435,1,False,False,True,False,False,False,True,False
0.98,514.5,294.0,110.25,7.0,0.4,32.88,1.75,3601.5,3.522824869783854,1,False,False,False,False,False,False,False,True
0.98,514.5,294.0,110.25,7.0,0.4,33.23,1.75,3601.5,3.533102452542094,1,True,False,False,False,False,False,False,True
0.98,514.5,294.0,110.25,7.0,0.4,33.76,1.75,3601.5,3.548467300397191,1,False,True,False,False,False,False,False,True
0.98,514.5,294.0,110.25,7.0,0.4,34.01,1.75,3601.5,3.555633734966574,1,False,False,True,False,False,False,False,True
0.9,563.5,318.5,122.5,7.0,0.4,33.94,1.7692307692307692,3944.5,3.5536323047059106,1,False,False,False,False,False,False,False,True
0.9,563.5,318.5,122.5,7.0,0.4,33.14,1.7692307692307692,3944.5,3.5304697173662944,1,True,False,False,False,False,False,False,True
0.9,563.5,318.5,122.5,7.0,0.4,38.79,1.7692307692307692,3944.5,3.683615624438837,1,False,True,False,False,False,False,False,True
0.9,563.5,318.5,122.5,7.0,0.4,37.27,1.7692307692307692,3944.5,3.644666299437611,1,False,False,True,False,False,False,False,True
0.86,588.0,294.0,147.0,7.0,0.4,29.69,2.0,4116.0,3.4239368686316447,1,False,False,False,False,False,False,False,True
0.86,588.0,294.0,147.0,7.0,0.4,31.2,2.0,4116.0,3.4719664525503626,1,True,False,False,False,False,False,False,True
0.86,588.0,294.0,147.0,7.0,0.4,36.26,2.0,4116.0,3.6179203651734424,1,False,True,False,False,False,False,False,True
0.86,588.0,294.0,147.0,7.0,0.4,35.71,2.0,4116.0,3.603049197508743,1,False,False,True,False,False,False,False,True
0.82,612.5,318.5,147.0,7.0,0.4,29.93,1.9230769230769231,4287.5,3.4317265866969784,1,False,False,False,False,False,False,False,True
0.82,612.5,318.5,147.0,7.0,0.4,29.56,1.9230769230769231,4287.5,3.4196919642983197,1,True,False,False,False,False,False,False,True
0.82,612.5,318.5,147.0,7.0,0.4,33.84,1.9230769230769231,4287.5,3.5507661519843023,1,False,True,False,False,False,False,False,True
0.82,612.5,318.5,147.0,7.0,0.4,32.54,1.9230769230769231,4287.5,3.5127387563950627,1,False,False,True,False,False,False,False,True
0.79,637.0,343.0,147.0,7.0,0.4,38.56,1.8571428571428572,4459.0,3.6778185067545115,1,False,False,False,False,False,False,False,True
0.79,637.0,343.0,147.0,7.0,0.4,37.7,1.8571428571428572,4459.0,3.655839600035736,1,True,False,False,False,False,False,False,True
0.79,637.0,343.0,147.0,7.0,0.4,47.01,1.8571428571428572,4459.0,3.8714093225428488,1,False,True,False,False,False,False,False,True
0.79,637.0,343.0,147.0,7.0,0.4,44.87,1.8571428571428572,4459.0,3.8258113086090804,1,False,False,True,False,False,False,False,True
0.76,661.5,416.5,122.5,7.0,0.4,39.37,1.588235294117647,4630.5,3.6980869348648495,1,False,False,False,False,False,False,False,True
0.76,661.5,416.5,122.5,7.0,0.4,39.8,1.588235294117647,4630.5,3.708682081410116,1,True,False,False,False,False,False,False,True
0.76,661.5,416.5,122.5,7.0,0.4,37.79,1.588235294117647,4630.5,3.6581624814518756,1,False,True,False,False,False,False,False,True
0.76,661.5,416.5,122.5,7.0,0.4,38.18,1.588235294117647,4630.5,3.6681664125163946,1,False,False,True,False,False,False,False,True
0.74,686.0,245.0,220.5,3.5,0.4,16.69,2.8,2401.0,2.872999508171694,1,False,False,False,False,False,False,False,True
0.74,686.0,245.0,220.5,3.5,0.4,16.62,2.8,2401.0,2.8690346205080335,1,True,False,False,False,False,False,False,True
0.74,686.0,245.0,220.5,3.5,0.4,16.94,2.8,2401.0,2.88703285663065,1,False,True,False,False,False,False,False,True
0.74,686.0,245.0,220.5,3.5,0.4,16.7,2.8,2401.0,2.8735646395797834,1,False,False,True,False,False,False,False,True
0.71,710.5,269.5,220.5,3.5,0.4,15.59,2.6363636363636362,2486.75,2.808800104202353,1,False,False,False,False,False,False,False,True
0.71,710.5,269.5,220.5,3.5,0.4,14.58,2.6363636363636362,2486.75,2.7459880404426023,1,True,False,False,False,False,False,False,True
0.71,710.5,269.5,220.5,3.5,0.4,15.33,2.6363636363636362,2486.75,2.7930039069823738,1,False,True,False,False,False,False,False,True
0.71,710.5,269.5,220.5,3.5,0.4,15.31,2.6363636363636362,2486.75,2.7917784166329227,1,False,False,True,False,False,False,False,True
0.69,735.0,294.0,220.5,3.5,0.4,16.63,2.5,2572.5,2.869601996409779,1,False,False,False,False,False,False,False,True
0.69,735.0,294.0,220.5,3.5,0.4,15.87,2.5,2572.5,2.825536896557877,1,True,False,False,False,False,False,False,True
0.69,735.0,294.0,220.5,3.5,0.4,16.54,2.5,2572.5,2.864483986944037,1,False,True,False,False,False,False,False,True
0.69,735.0,294.0,220.5,3.5,0.4,16.74,2.5,2572.5,2.8758219768814333,1,False,False,True,False,False,False,False,True
0.66,759.5,318.5,220.5,3.5,0.4,17.64,2.3846153846153846,2658.25,2.925309809257445,1,False,False,False,False,False,False,False,True
0.66,759.5,318.5,220.5,3.5,0.4,17.79,2.3846153846153846,2658.25,2.933324813425374,1,True,False,False,False,False,False,False,True
0.66,759.5,318.5,220.5,3.5,0.4,17.55,2.3846153846153846,2658.25,2.920469789053444,1,False,True,False,False,False,False,False,True
0.66,759.5,318.5,220.5,3.5,0.4,18.06,2.3846153846153846,2658.25,2.947591898226056,1,False,False,True,False,False,False,False,True
0.64,784.0,343.0,220.5,3.5,0.4,20.82,2.2857142857142856,2744.0,3.0828269804049246,1,False,False,False,False,False,False,False,True
0.64,784.0,343.0,220.5,3.5,0.4,20.21,2.2857142857142856,2744.0,3.0544727685765913,1,True,False,False,False,False,False,False,True
0.64,784.0,343.0,220.5,3.5,0.4,20.71,2.2857142857142856,2744.0,3.0777729838902004,1,False,True,False,False,False,False,False,True
0.64,784.0,343.0,220.5,3.5,0.4,21.4,2.2857142857142856,2744.0,3.109060958860994,1,False,False,True,False,False,False,False,True
0.62,808.5,367.5,220.5,3.5,0.4,16.88,2.2,2829.75,2.883682769745368,1,False,False,False,False,False,False,False,True
0.62,808.5,367.5,220.5,3.5,0.4,17.11,2.2,2829.75,2.896464271895322,1,True,False,False,False,False,False,False,True
0.62,808.5,367.5,220.5,3.5,0.4,16.61,2.2,2829.75,2.8684669225081145,1,False,True,False,False,False,False,False,True
0.62,808.5,367.5,220.5,3.5,0.4,16.03,2.2,2829.75,2.834976494674597,1,False,False,True,False,False,False,False,True
